"","country","region","region_code","start_date","end_date","days","year","time","population","total_deaths","covid_deaths","expected_deaths","ols_ex","ols_ex_lb","ols_ex_ub","glm_log_ex","glm_log_ex_lb","glm_log_ex_ub","glm_iden_ex","glm_iden_ex_lb","glm_iden_ex_ub","glm_sqrt_ex","glm_sqrt_ex_lb","ridge_ex","rglm_log_ex","rglm_iden_ex","rglm_sqrt_ex","lasso_ex","lglm_log_ex","lglm_iden_ex","lglm_sqrt_ex","ols_ed","ols_ed_lb","ols_ed_ub","glm_log_ed","glm_log_ed_lb","glm_log_ed_ub","glm_iden_ed","glm_iden_ed_lb","glm_iden_ed_ub","glm_sqrt_ed","glm_sqrt_ed_lb","ridge_ed","rglm_log_ed","rglm_iden_ed","rglm_sqrt_ed","lasso_ed","lglm_log_ed","lglm_iden_ed","lglm_sqrt_ed"
"1","South Africa","South Africa",0,"2019-12-30","2020-01-05",7,2020,"1",60041996,10456,0,"TBC",10191.1075471711,9855.9275036316,10526.2875907107,10189.9589417025,10098.684752775,10282.0580873218,10188.7189978608,10096.1032506302,10281.3347450913,10189.1161872641,10281.4813571508,10190.4992817863,10187.6563939521,10186.5095988285,10186.6924264683,10177.0235302553,10174.3102046153,10165.2214219635,10177.3470164762,264.892452828868,600.072496368404,0,266.041058297487,357.315247225028,173.941912678227,267.281002139247,359.896749369773,174.665254908721,266.883812735898,174.518642849216,265.500718213725,268.343606047869,269.490401171504,269.307573531652,278.976469744674,281.689795384746,290.778578036516,278.652983523776
"2","South Africa","South Africa",0,"2020-01-06","2020-01-12",7,2020,"2",60041996,9678,0,"TBC",9270.70754716979,8935.52750362996,9605.88759070961,9280.41646429166,9193.6383854853,9368.01363502285,9270.15681000319,9181.43515437862,9358.87846562776,9275.18744236095,9363.32245253578,9394.91331958284,9398.42094006518,9415.28790438897,9410.07929527459,9371.41627364925,9383.0184643937,9384.62721565734,9370.54728949159,407.292452830214,742.472496370036,72.1124092903938,397.583535708336,484.361614514695,309.986364977149,407.843189996811,496.564845621378,319.121534372243,402.812557639048,314.677547464224,283.08668041716,279.579059934817,262.712095611032,267.920704725406,306.583726350747,294.981535606299,293.372784342659,307.452710508414
"3","South Africa","South Africa",0,"2020-01-13","2020-01-19",7,2020,"3",60041996,9254,0,"TBC",9052.10754716979,8716.92750362997,9387.28759070961,9064.39518489245,8978.71041340616,9150.89765510457,9052.2322182417,8964.45987691667,9140.00455956673,9058.26464991333,9145.36538815025,9189.27131904161,9195.04646282888,9213.1686808456,9208.47830806004,9152.81755768601,9166.84836719289,9164.56222487964,9152.67679002094,201.892452830214,537.072496370034,0,189.604815107548,275.289586593837,103.102344895429,201.767781758297,289.540123083329,113.995440433266,195.73535008667,108.634611849755,64.7286809583857,58.9535371711172,40.8313191544003,45.5216919399645,101.182442313991,87.1516328071139,89.4377751203629,101.323209979057
"4","South Africa","South Africa",0,"2020-01-20","2020-01-26",7,2020,"4",60041996,8626,0,"TBC",8905.50754716979,8570.32750362997,9240.68759070961,8919.52455561555,8834.5788688544,9005.28700679823,8903.02755179339,8815.91057317743,8990.14453040935,8911.36763568753,8997.7609315333,9084.83786905187,9091.87998951667,9111.17699406785,9106.49391516083,9041.81843940275,9057.08104627571,9053.84116254721,9042.55292135155,0,55.6724963700326,0,0,0,0,0,0,0,0,0,0,0,0,0,0,0,0,0
"5","South Africa","South Africa",0,"2020-01-27","2020-02-02",7,2020,"5",60041996,9417,0,"TBC",9232.30754716979,8897.12750362997,9567.48759070961,9242.46945089337,9155.88268773226,9329.87506110729,9229.16425536812,9140.61989045076,9317.70862028548,9235.79386215859,9323.74195264178,9449.57542668279,9452.61288677461,9468.05945898934,9463.27977286714,9429.61889214406,9440.56277544763,9442.20788213353,9428.03846922709,184.692452830213,519.872496370033,0,174.53054910663,261.117312267739,87.1249388927135,187.835744631881,276.380109549242,99.2913797145193,181.206137841415,93.2580473582166,0,0,0,0,0,0,0,0
"6","South Africa","South Africa",0,"2020-02-03","2020-02-09",7,2020,"6",60041996,10095,0,"TBC",9345.30754716978,9010.12750362996,9680.4875907096,9354.13644344626,9266.98760386544,9442.10485035198,9343.18276626326,9254.14501950215,9432.22051302438,9348.57464311188,9437.05681477097,9704.07480558003,9704.80574283867,9716.57441433353,9712.36052078176,9700.21888840331,9708.14848070917,9714.14471760103,9697.51338228405,749.692452830215,1084.87249637004,414.512409290395,740.863556553737,828.01239613456,652.895149648024,751.817233736736,840.85498049785,662.779486975622,746.425356888121,657.943185229027,390.92519441997,390.194257161325,378.42558566647,382.639479218242,394.781111596689,386.851519290829,380.855282398972,397.486617715951
"7","South Africa","South Africa",0,"2020-02-10","2020-02-16",7,2020,"7",60041996,9279,0,"TBC",9007.90754716979,8672.72750362997,9343.08759070961,9020.71659134507,8935.25414681471,9106.99645296342,9006.03469190343,8918.46451718239,9093.60486662447,9013.40388918656,9100.28919457649,9480.93790797947,9483.72112520267,9498.67651223357,9493.97819342639,9463.01839979968,9473.58546356975,9475.64779574903,9461.22549406798,271.092452830211,606.272496370033,0,258.283408654928,343.745853185286,172.003547036584,272.965308096571,360.535482817613,185.395133375529,265.59611081344,178.710805423507,0,0,0,0,0,0,0,0
"8","South Africa","South Africa",0,"2020-02-17","2020-02-23",7,2020,"8",60041996,9312,0,"TBC",8959.70754716979,8624.52750362996,9294.88759070961,8973.08518390205,8887.86568488276,9059.1217928182,8957.77813575367,8870.42002223438,9045.13624927297,8965.48148683861,9052.13606350494,9440.08922244336,9443.30213001967,9459.37245424455,9454.32701083158,9419.61739705466,9430.66572323813,9432.74175701813,9418.35727529604,352.292452830214,687.472496370036,17.112409290392,338.914816097951,424.13431511724,252.8782071818,354.221864246329,441.579977765623,266.863750727034,346.518513161387,259.86393649506,0,0,0,0,0,0,0,0
"9","South Africa","South Africa",0,"2020-02-24","2020-03-01",7,2020,"9",60041996,9019,0,"TBC",9406.30754716979,9071.12750362997,9741.48759070961,9414.41685535544,9326.96571046606,9502.68795637844,9404.07988414356,9314.77962408731,9493.38014419981,9409.14823172936,9497.9159242798,9677.65800017498,9678.69450897737,9691.00849113039,9686.64708904422,9672.21584996796,9680.45152985364,9686.12299618456,9669.67169370434,0,0,0,0,0,0,0,0,0,0,0,0,0,0,0,0,0,0,0
"10","South Africa","South Africa",0,"2020-03-02","2020-03-08",7,2020,"10",60041996,9837,0,"TBC",9345.30754716978,9010.12750362996,9680.4875907096,9354.13644344618,9266.98759929196,9442.10485501171,9344.56173911942,9255.51829434897,9433.60518388987,9349.23422552001,9437.7195111732,10184.9907272098,10182.424593413,10181.7370839492,10181.7146572299,10171.4226445291,10168.7455238048,10160.0069615832,10171.9280423913,491.692452830217,826.872496370039,156.512409290397,482.863556553819,570.012400708036,394.895144988292,492.438260880584,581.481705651035,403.394816110134,487.765774479991,399.280488826804,0,0,0,0,0,0,0,0
"11","South Africa","South Africa",0,"2020-03-09","2020-03-15",7,2020,"11",60041996,9398,0,"TBC",9126.70754716979,8791.52750362996,9461.88759070961,9138.11516404694,9052.05611995399,9224.99238237258,9125.13557326667,9037.04423611064,9213.2269104227,9131.59990906203,9219.05167634942,10178.0038033656,10175.5051207442,10175.8250959972,10175.3362589903,10164.0199143471,10161.4246916732,10153.5272651434,10165.0372627626,271.292452830214,606.472496370036,0,259.884835953058,345.943880046007,173.007617627421,272.864426733331,360.95576388936,184.773089577302,266.400090937967,178.948323650582,0,0,0,0,0,0,0,0
"12","South Africa","South Africa",0,"2020-03-16","2020-03-22",7,2020,"12",60041996,9118,0,"TBC",9015.70754716979,8680.52750362997,9350.88759070961,9028.42457844167,8942.92286902181,9114.74375463619,9014.82595206852,8927.21738509282,9102.43451904422,9021.62044617803,9108.54524961252,9324.47754575694,9328.9924756258,9346.78779998905,9341.49377341302,9296.80762630558,9309.22110911467,9309.98688503422,9296.37654184524,102.292452830212,437.472496370034,0,89.5754215583256,175.07713097819,3.25624536380747,103.174047931478,190.782614907179,15.5654809557764,96.3795538219711,9.45475038747645,0,0,0,0,0,0,0,0
"13","South Africa","South Africa",0,"2020-03-23","2020-03-29",7,2020,"13",60041996,9043,2,"TBC",9403.50754716979,9068.32750362997,9738.68759070961,9411.64988562844,9324.21259796781,9499.90711161556,9401.87643725946,9312.58576997293,9491.16710454599,9406.65291142852,9495.4088601688,10252.8227171312,10249.9576588988,10247.9434000007,10248.3533837029,10243.6124976732,10240.1325227541,10232.81053191,10244.0810815908,0,0,0,0,0,0,0,0,0,0,0,0,0,0,0,0,0,0,0
"14","South Africa","South Africa",0,"2020-03-30","2020-04-05",7,2020,"14",60041996,8772,9,"TBC",9674.10754716979,9338.92750362997,10009.2875907096,9679.05774567158,9590.28846896127,9768.6486853082,9672.97552275596,9582.52553216544,9763.42551334648,9675.83830693468,9765.85227942495,10148.5780073242,10146.3331407132,10147.0068184706,10146.4433082993,10132.8124322269,10130.5648861027,10121.8724455168,10133.7382001487,0,0,0,0,0,0,0,0,0,0,0,0,0,0,0,0,0,0,0
"15","South Africa","South Africa",0,"2020-04-06","2020-04-12",7,2020,"15",60041996,8764,14,"TBC",9436.90754716979,9101.72750362997,9772.08759070961,9444.65588165745,9357.05338181288,9533.07853263998,9435.19800896248,9345.76400988524,9524.63200803973,9439.80790572711,9528.71976602173,10804.3376159918,10799.30449578,10775.7497235598,10785.33648204,10830.0084054942,10820.0006894417,10816.1136850871,10826.0754914239,0,0,0,0,0,0,0,0,0,0,0,0,0,0,0,0,0,0,0
"16","South Africa","South Africa",0,"2020-04-13","2020-04-19",7,2020,"16",60041996,8617,29,"TBC",9393.50754716979,9058.32750362997,9728.68759070961,9401.76785088921,9314.38007385582,9489.9755025159,9392.48393643094,9303.23382149978,9481.7340513621,9397.00576494528,9485.71629633602,11415.8891173289,11410.0978635767,11357.3250925172,11380.7686722652,11480.2044048965,11462.9590522233,11465.1717557044,11472.736696713,0,0,0,0,0,0,0,0,0,0,0,0,0,0,0,0,0,0,0
"17","South Africa","South Africa",0,"2020-04-20","2020-04-26",7,2020,"17",60041996,8430,33,"TBC",9646.10754716979,9310.92750362996,9981.28759070961,9651.38804840179,9562.75591261055,9740.84166866537,9645.04317634203,9554.71196867384,9735.37438401022,9648.04000529542,9737.92488103629,11434.1106233546,11428.3482676228,11374.3583294304,11398.3924169058,11499.6004368104,11482.1390686865,11484.2817624469,11491.8868787566,0,0,0,0,0,0,0,0,0,0,0,0,0,0,0,0,0,0,0
"18","South Africa","South Africa",0,"2020-04-27","2020-05-03",7,2020,"18",60041996,8480,44,"TBC",10185.5075471698,9850.32750362997,10520.6875907096,10184.425002235,10093.177610082,10276.4973166174,10183.4965285723,10090.9025118846,10276.09054526,10183.7352169054,10276.0760491348,11271.5489993021,11265.8466343368,11222.0562433488,11241.1553273025,11326.7965081481,11311.2587560846,11313.6326276919,11321.0182991707,0,0,0,0,0,0,0,0,0,0,0,0,0,0,0,0,0,0,0
"19","South Africa","South Africa",0,"2020-05-04","2020-05-10",7,2020,"19",60041996,8938,63,"TBC",10178.1075471698,9842.92750362997,10513.2875907096,10177.1122965281,10085.9004165806,10269.1490514694,10177.0697451494,10084.5025813535,10269.6369089453,10176.8639075337,10269.1736520832,11341.691709733,11335.9878741565,11287.3651386204,11308.7784844105,11401.3926263806,11385.0243220615,11386.7528091545,11394.4764723607,0,0,0,0,0,0,0,0,0,0,0,0,0,0,0,0,0,0,0
"20","South Africa","South Africa",0,"2020-05-11","2020-05-17",7,2020,"20",60041996,9069,70,"TBC",10257.7075471698,9922.52750362997,10592.8875907096,10255.7732930522,10164.1799787429,10348.1919897576,10256.5976682504,10163.7008904933,10349.4944460076,10255.9596248145,10348.6265876388,11539.1916297411,11533.5484925975,11474.2548506164,11500.9579160073,11611.3887995622,11592.6823825896,11596.475842879,11603.4089470645,0,0,0,0,0,0,0,0,0,0,0,0,0,0,0,0,0,0,0
"21","South Africa","South Africa",0,"2020-05-18","2020-05-24",7,2020,"21",60041996,9276,165,"TBC",10146.9075471698,9811.72750362997,10482.0875907096,10146.2803481417,10055.218287579,10238.1670848713,10145.2615471123,10052.8264336208,10237.6966606038,10145.5453593211,10237.7132770939,11022.0242405266,11016.67873402,10984.2011686755,10997.8861310581,11061.5850363554,11048.9995075494,11048.0118170601,11056.7542701254,0,0,0,0,0,0,0,0,0,0,0,0,0,0,0,0,0,0,0
"22","South Africa","South Africa",0,"2020-05-25","2020-05-31",7,2020,"22",60041996,9817,254,"TBC",10844.1075471698,10508.92750363,11179.2875907096,10835.2558101616,10740.8869777155,10930.4537618933,10841.6755507211,10746.3888247478,10936.9622766945,10838.2669777123,10933.5224867902,10832.5617175271,10827.6417500333,10803.996978061,10813.6122510606,10860.181346057,10849.8381127825,10847.5141312015,10856.7499535502,0,0,0,0,0,0,0,0,0,0,0,0,0,0,0,0,0,0,0
"23","South Africa","South Africa",0,"2020-06-01","2020-06-07",7,2020,"23",60041996,10509,315,"TBC",11494.3075471698,11159.12750363,11829.4875907096,11477.7857089051,11380.4056568302,11575.9990242949,11492.8992644862,11395.0215211901,11590.7770077824,11485.3133408802,11583.364888647,9118.57586339199,9125.71474611304,9145.66269777288,9140.4415537443,9078.16882148848,9093.0223511922,9091.32277612598,9079.1529405816,0,0,0,0,0,0,0,0,0,0,0,1390.42413660801,1383.28525388696,1363.33730222712,1368.55844625571,1430.83117851152,1415.9776488078,1417.67722387402,1429.8470594184
"24","South Africa","South Africa",0,"2020-06-08","2020-06-14",7,2020,"24",60041996,11008,482,"TBC",11513.7075471698,11178.52750363,11848.8875907096,11496.9568563008,11399.4879753941,11595.2591240022,11512.0500088128,11414.0970650068,11610.0029526187,11504.4725628403,11602.6056851261,10548.637383869,10544.6860089838,10532.6347304162,10537.1384204456,10558.3742247055,10551.3917904035,10546.7907654179,10556.9080238708,0,0,0,0,0,0,0,0,0,0,0,459.362616130988,463.313991016246,475.365269583788,470.86157955437,449.625775294469,456.608209596467,461.209234582113,451.091976129186
"25","South Africa","South Africa",0,"2020-06-15","2020-06-21",7,2020,"25",60041996,12397,450,"TBC",11340.9075471698,11005.72750363,11676.0875907096,11326.1952960283,11229.5197829687,11423.7030935495,11340.9820698508,11243.7028482864,11438.2612914153,11333.5510436991,11430.9540117564,11014.9608924397,11009.7328776011,10976.2443587253,10990.392268968,11054.1708156635,11041.6677403753,11039.1425879819,11048.5721700139,1056.09245283021,1391.27249637003,720.912409290388,1070.80470397169,1167.48021703135,973.296906450545,1056.01793014917,1153.29715171364,958.738708584695,1063.44895630088,966.045988243601,1382.03910756033,1387.26712239886,1420.75564127467,1406.607731032,1342.82918433652,1355.33225962468,1357.85741201807,1348.42782998614
"26","South Africa","South Africa",0,"2020-06-22","2020-06-28",7,2020,"26",60041996,12988,526,"TBC",11415.5075471698,11080.32750363,11750.6875907096,11399.9152751585,11302.8966344065,11497.766677366,11414.2321109703,11316.6637416929,11511.8004802476,11407.0246859131,11504.7421936836,10891.528681881,10886.5719088897,10859.826848444,10870.8585545122,10922.9675236101,10911.9249225635,10909.5695784831,10918.8423046661,1572.49245283021,1907.67249637003,1237.31240929039,1588.08472484149,1685.10336559347,1490.23332263395,1573.76788902973,1671.33625830708,1476.19951975237,1580.97531408692,1483.25780631638,2096.47131811897,2101.42809111033,2128.173151556,2117.14144548785,2065.03247638992,2076.07507743649,2078.43042151687,2069.15769533391
"27","South Africa","South Africa",0,"2020-06-29","2020-07-05",7,2020,"27",60041996,13965,743,"TBC",11625.5075471698,11290.32750363,11960.6875907096,11607.438004682,11509.458223511,11706.2518857153,11624.6606161763,11526.2670056356,11723.0542267171,11616.0850229357,11714.6920148479,10620.6105562022,10616.4686350625,10601.8317831584,10607.4410890668,10634.9643614346,10627.128254167,10623.3493944247,10633.1149850728,2339.49245283021,2674.67249637003,2004.31240929039,2357.56199531798,2455.54177648905,2258.74811428469,2340.33938382366,2438.73299436445,2241.94577328288,2348.91497706427,2250.30798515206,3344.38944379784,3348.53136493749,3363.16821684164,3357.55891093316,3330.03563856538,3337.87174583298,3341.65060557529,3331.88501492716
"28","South Africa","South Africa",0,"2020-07-06","2020-07-12",7,2020,"28",60041996,15241,880,"TBC",11075.7075471698,10740.52750363,11410.8875907096,11064.12373472,10968.6746117388,11160.4034535024,11074.3934330645,10978.1728923991,11170.6139737299,11069.1218321269,11165.3842585227,10433.2177102852,10429.8559638652,10421.5670912483,10424.5175686707,10435.7613428359,10430.1430040954,10424.1216300057,10434.829976931,4165.29245283021,4500.47249637003,3830.11240929039,4176.87626528004,4272.32538826119,4080.59654649763,4166.60656693547,4262.82710760085,4070.38602627009,4171.87816787309,4075.6157414773,4807.78228971482,4811.14403613476,4819.43290875167,4816.48243132931,4805.2386571641,4810.85699590462,4816.8783699943,4806.17002306903
"29","South Africa","South Africa",0,"2020-07-13","2020-07-19",7,2020,"29",60041996,16710,954,"TBC",10874.3075471698,10539.12750363,11209.4875907096,10865.0995550722,10770.5893408629,10960.4390814303,10873.268904263,10777.8550745128,10968.6827340132,10869.014646523,10964.4048822976,10413.6278438039,10410.3809917567,10402.6949927494,10405.4033260106,10414.9584823549,10409.5712785463,10403.3029047036,10414.114169132,5835.69245283021,6170.87249637003,5500.51240929039,5844.90044492779,5939.41065913707,5749.56091856972,5836.731095737,5932.14492548716,5741.31726598684,5840.98535347703,5745.59511770244,6296.3721561961,6299.61900824331,6307.30500725058,6304.59667398939,6295.04151764507,6300.42872145371,6306.69709529639,6295.88583086796
"30","South Africa","South Africa",0,"2020-07-20","2020-07-26",7,2020,"30",60041996,16559,1736,"TBC",10572.5075471698,10237.32750363,10907.6875907096,10566.8597466447,10473.7690729061,10660.7778086404,10571.5817072566,10477.3908698715,10665.7725446417,10569.0118651371,10663.0793210036,10671.3267184298,10667.0883543578,10650.7684549591,10657.1025568011,10688.9557954087,10680.5165937331,10677.5537089704,10686.9596488976,5986.49245283021,6321.67249637003,5651.31240929039,5992.14025335527,6085.23092709393,5898.22219135964,5987.4182927434,6081.60913012849,5893.22745535831,5989.98813486293,5895.92067899639,5887.67328157016,5891.9116456422,5908.23154504094,5901.89744319894,5870.04420459126,5878.48340626688,5881.44629102956,5872.04035110241
"31","South Africa","South Africa",0,"2020-07-27","2020-08-02",7,2020,"31",60041996,15635,1597,"TBC",11068.3075471698,10733.12750363,11403.4875907096,11056.8110290131,10961.3962942726,11153.056312286,11065.362904014,10969.1781613791,11161.547646649,11060.915936811,11157.1427526322,10186.5165423254,10184.4961234303,10185.1850182656,10184.4935998495,10173.5532983253,10170.8528920793,10163.8693046545,10174.8844261652,4566.69245283021,4901.87249637003,4231.51240929039,4578.18897098692,4673.60370572741,4481.943687714,4569.63709598596,4665.82183862087,4473.45235335104,4574.08406318904,4477.85724736779,5448.48345767462,5450.5038765697,5449.81498173437,5450.50640015048,5461.44670167471,5464.14710792067,5471.13069534551,5460.1155738348
"32","South Africa","South Africa",0,"2020-08-03","2020-08-09",7,2020,"32",60041996,14191,2042,"TBC",10937.1075471698,10601.92750363,11272.2875907096,10927.1587332344,10832.3550420968,11022.7921368232,10935.470529265,10839.8063927922,11031.1346657379,10931.1446807561,11026.8065706397,10088.4808688626,10087.0765516046,10090.0896210443,10088.5981963232,10069.3510083795,10067.8114185544,10059.4624714926,10071.0766447397,3253.89245283021,3589.07249637003,2918.71240929039,3263.84126676555,3358.64495790317,3168.20786317682,3255.52947073495,3351.19360720781,3159.86533426209,3259.85531924392,3164.19342936027,4102.5191311374,4103.92344839542,4100.9103789557,4102.40180367683,4121.64899162047,4123.18858144561,4131.53752850736,4119.92335526034
"33","South Africa","South Africa",0,"2020-08-10","2020-08-16",7,2020,"33",60041996,12735,1431,"TBC",10649.1075471698,10313.92750363,10984.2875907096,10642.5561327451,10549.103693051,10736.8364492655,10648.3972021021,10553.8935055729,10742.9008986313,10645.2782123988,10739.683704671,9989.88089452685,9989.14796267629,9993.88114788633,9991.91606616266,10004.7400266944,10009.2745126291,10019.0647153611,10000.148111827,2085.89245283021,2421.07249637003,1750.71240929039,2092.44386725485,2185.89630694904,1998.16355073445,2086.60279789793,2181.10649442712,1992.09910136875,2089.72178760122,1995.31629532895,2745.11910547315,2745.85203732371,2741.11885211367,2743.08393383734,2730.25997330564,2725.72548737086,2715.93528463885,2734.85188817303
"34","South Africa","South Africa",0,"2020-08-17","2020-08-23",7,2020,"34",60041996,12388,1220,"TBC",10449.9075471698,10114.72750363,10785.0875907096,10445.7060007424,10353.1964177495,10539.0421905724,10448.4703869431,10354.7831241222,10542.157649764,10446.8679250556,10540.3914496232,8980.40458929096,8989.5435816294,9007.82183537574,9004.30117563711,8931.53820682427,8948.02405675228,8941.87307041533,8932.0998572867,1938.09245283021,2273.27249637003,1602.91240929039,1942.29399925764,2034.80358225052,1848.95780942758,1939.5296130569,2033.21687587776,1845.84235023604,1941.13207494437,1847.60855037678,3407.59541070904,3398.4564183706,3380.17816462426,3383.69882436289,3456.46179317573,3439.97594324772,3446.12692958467,3455.9001427133
"35","South Africa","South Africa",0,"2020-08-24","2020-08-30",7,2020,"35",60041996,11554,969,"TBC",10429.1075471698,10093.92750363,10764.2875907096,10425.1513684827,10332.7406133753,10518.3885981895,10427.5752245019,10333.9736984974,10521.1767505064,10426.1419045987,10519.5728171124,10379.9913420465,10377.0558798994,10370.4985347489,10372.7484821193,10379.3455691135,10374.349613876,10367.8141985271,10378.7119544069,1124.89245283021,1460.07249637003,789.71240929039,1128.84863151733,1221.25938662473,1035.6114018105,1126.42477549808,1220.02630150259,1032.82324949358,1127.8580954013,1034.42718288758,1174.00865795349,1176.94412010057,1183.50146525105,1181.25151788071,1174.65443088648,1179.65038612402,1186.18580147286,1175.28804559311
"36","South Africa","South Africa",0,"2020-08-31","2020-09-06",7,2020,"36",60041996,11379,861,"TBC",10703.1075471698,10367.92750363,11038.2875907096,10695.9191203375,10602.2122745993,10790.4541868952,10702.8004724739,10608.0758641185,10797.5250808294,10699.1733299961,10793.8169726866,9887.28042452252,9887.35210859792,9895.4412388386,9892.24011044738,9895.73538360086,9901.47940723478,9910.68829496812,9892.1694146313,675.892452830212,1011.07249637003,340.712409290392,683.080879662504,776.787725400703,588.54581310484,676.199527526067,770.924135881518,581.474919170616,679.826670003913,585.183027313364,1491.71957547748,1491.64789140208,1483.5587611614,1486.75988955262,1483.26461639914,1477.52059276522,1468.31170503188,1486.83058536871
"37","South Africa","South Africa",0,"2020-09-07","2020-09-13",7,2020,"37",60041996,10485,558,"TBC",10187.7075471698,9852.52750362997,10522.8875907096,10186.5990498778,10095.3411079136,10278.6819280063,10187.4655464412,10094.855369466,10280.0757234165,10186.8066420551,10279.1613668587,9591.71918438093,9594.24541632032,9608.40283208835,9603.54094415044,9581.53442428856,9590.77601937302,9595.71470684993,9579.64048498725,297.292452830214,632.472496370034,0,298.400950122234,389.658892086431,206.31807199367,297.534453558757,390.144630533985,204.92427658353,298.193357944872,205.838633141309,893.280815619071,890.754583679676,876.597167911652,881.459055849557,903.465575711436,894.223980626984,889.285293150073,905.359515012751
"38","South Africa","South Africa",0,"2020-09-14","2020-09-20",7,2020,"38",60041996,10010,506,"TBC",10083.5075471698,9748.32750362997,10418.6875907096,10083.6282478951,9992.8711803729,10175.2095875565,10082.6766051897,9990.50221943254,10174.8509909468,10082.9295664556,10174.8132692826,9618.97169174187,9621.27804464674,9634.66087599692,9630.05294590117,9610.5337978231,9619.45014006119,9624.4588331146,9608.31498708512,0,261.672496370033,0,0,17.1288196271053,0,0,19.4977805674625,0,0,0,391.028308258134,388.721955353261,375.339124003076,379.94705409883,399.466202176904,390.549859938812,385.541166885399,401.685012914879
"39","South Africa","South Africa",0,"2020-09-21","2020-09-27",7,2020,"39",60041996,10259,445,"TBC",9978.70754716979,9643.52750362997,10313.8875907096,9980.0645238281,9889.81325438919,10071.1393974571,9976.79527905733,9885.06324509355,10068.5273130211,9978.21984643139,10069.626289684,9953.42399762108,9953.09527651681,9958.73772385308,9956.47175317471,9966.13228237518,9971.08700634759,9980.3607749444,9961.72047578853,280.292452830214,615.472496370034,0,278.935476171904,369.186745610812,187.860602542924,282.204720942675,373.936754906454,190.472686978896,280.780153568612,189.373710316046,305.576002378917,305.904723483192,300.262276146916,302.52824682529,292.867717624824,287.91299365241,278.639225055596,297.279524211473
"40","South Africa","South Africa",0,"2020-09-28","2020-10-04",7,2020,"40",60041996,9941,578,"TBC",10393.5075471698,10058.32750363,10728.6875907096,10389.9713248107,10297.7299150204,10483.0389824974,10391.9594339383,10298.5042542443,10485.4146136324,10390.7410410232,10484.013555337,9738.94259330112,9740.27178687212,9750.84970054019,9747.06832763496,9738.13152466145,9745.62360365148,9751.81862486267,9734.93881129872,0,0,0,0,0,0,0,0,0,0,0,202.057406698877,200.728213127883,190.150299459809,193.931672365041,202.868475338553,195.376396348518,189.181375137327,206.06118870128
"41","South Africa","South Africa",0,"2020-10-05","2020-10-11",7,2020,"41",60041996,10519,804,"TBC",9869.70754716979,9534.52750362997,10204.8875907096,9872.3503451707,9782.62734509612,9962.89625472127,9868.8479216899,9777.56947031574,9960.12637306406,9870.39253280936,9961.30488227719,9479.12435899811,9482.80982824479,9498.64238312426,9493.51321215835,9461.93066404379,9472.4973404691,9475.7086688656,9460.61003489407,649.292452830212,984.472496370034,314.112409290392,646.649654829303,736.372654903884,556.10374527873,650.152078310102,741.430529684265,558.87362693594,648.607467190643,557.695117722807,1039.87564100189,1036.19017175521,1020.35761687574,1025.48678784165,1057.06933595621,1046.5026595309,1043.2913311344,1058.38996510593
"42","South Africa","South Africa",0,"2020-10-12","2020-10-18",7,2020,"42",60041996,10572,691,"TBC",9555.50754716979,9220.32750362997,9890.68759070961,9561.8568136645,9473.6695015323,9650.86503284015,9554.9089730554,9464.9621761529,9644.85576995789,9558.21921158008,9647.6856785679,9358.51488278255,9363.4439858989,9380.49709444109,9375.39736279964,9333.72970058133,9345.72264292951,9346.78665184781,9332.89701514841,1016.49245283021,1351.67249637003,681.312409290389,1010.1431863355,1098.3304984677,921.134967159849,1017.0910269446,1107.0378238471,927.144230042106,1013.78078841992,924.314321432103,1213.48511721745,1208.5560141011,1191.50290555891,1196.60263720036,1238.27029941867,1226.27735707049,1225.21334815219,1239.10298485159
"43","South Africa","South Africa",0,"2020-10-19","2020-10-25",7,2020,"43",60041996,10450,497,"TBC",9584.50754716979,9249.32750362997,9919.68759070961,9590.51471440822,9502.18483854908,9679.66568216378,9583.52680057917,9493.45773145334,9673.595869705,9586.85738340185,9676.4574671496,9979.85021406983,9979.43818476979,9984.13922870453,9982.22986982601,9994.32863465823,9998.96136833524,10008.3522583432,9989.60711227127,865.492452830211,1200.67249637003,530.312409290391,859.48528559178,947.815161450915,770.334317836217,866.473199420829,956.542268546658,776.404130294999,863.142616598152,773.542532850401,470.149785930171,470.561815230212,465.860771295469,467.770130173989,455.67136534177,451.038631664758,441.647741656801,460.392887728729
"44","South Africa","South Africa",0,"2020-10-26","2020-11-01",7,2020,"44",60041996,10302,443,"TBC",9940.10754716979,9604.92750362997,10275.2875907096,9941.91986973473,9851.85541584515,10032.8076818154,9938.2036500735,9846.63344879304,10029.773851354,9939.85619700465,10031.087155055,10035.3210467131,10034.5612497359,10038.7222438383,10036.864135481,10030.5902136649,10030.6409187166,10038.6364421942,10027.0917204549,361.892452830212,697.072496370034,26.7124092903923,360.080130265265,450.144584154848,269.192318184556,363.796349926502,455.366551206964,272.226148646041,362.143802995353,270.912844945049,266.678953286901,267.438750264146,263.277756161659,265.135864519008,271.409786335063,271.359081283366,263.363557805802,274.908279545129
"45","South Africa","South Africa",0,"2020-11-02","2020-11-08",7,2020,"45",60041996,10479,398,"TBC",9712.10754716979,9376.92750362997,10047.2875907096,9716.60947768108,9627.65434169814,9806.38651855765,9710.41432138958,9619.80528430541,9801.02335847375,9713.33270159416,9803.52050659698,9287.52011012618,9293.2825662153,9309.24775227497,9305.10273850366,9258.32746700104,9271.15749856505,9269.14113733354,9256.87820669607,766.892452830212,1102.07249637003,431.71240929039,762.390522318925,851.345658301856,672.61348144235,768.58567861042,859.194715694592,677.976641526247,765.667298405837,675.479493403021,1191.47988987382,1185.7174337847,1169.75224772503,1173.89726149634,1220.67253299896,1207.84250143495,1209.85886266646,1222.12179330393
"46","South Africa","South Africa",0,"2020-11-09","2020-11-15",7,2020,"46",60041996,10850,432,"TBC",9435.90754716979,9100.72750362997,9771.08759070961,9443.66767818357,9356.07012334655,9532.08537775147,9435.27875028264,9345.84459996826,9524.71290059702,9439.33565793125,9528.24529940177,9644.17096175389,9646.45396946206,9658.95890637692,9654.66815126104,9637.52619869689,9646.13020005007,9651.08400717901,9634.91388120954,1414.09245283021,1749.27249637003,1078.91240929039,1406.33232181643,1493.92987665345,1317.91462224853,1414.72124971736,1504.15540003174,1325.28709940298,1410.66434206875,1321.75470059823,1205.82903824611,1203.54603053794,1191.04109362308,1195.33184873896,1212.47380130311,1203.86979994993,1198.91599282099,1215.08611879046
"47","South Africa","South Africa",0,"2020-11-16","2020-11-22",7,2020,"47",60041996,10744,662,"TBC",9307.70754716979,8972.52750362997,9642.88759070961,9316.97999282673,9230.0178745013,9404.76143892883,9306.74240454552,9217.862316069,9395.62249302205,9311.76337814858,9400.07158344703,10248.9519730153,10246.9855494573,10244.5518094837,10245.1804557187,10240.3337483485,10236.8646243411,10229.1532453832,10240.5014195893,1436.29245283021,1771.47249637003,1101.11240929039,1427.02000717327,1513.98212549871,1339.23856107117,1437.25759545448,1526.137683931,1348.37750697795,1432.23662185142,1343.92841655297,495.048026984683,497.014450542703,499.448190516341,498.819544281321,503.666251651497,507.135375658938,514.846754616789,503.498580410693
"48","South Africa","South Africa",0,"2020-11-23","2020-11-29",7,2020,"48",60041996,10601,574,"TBC",9968.30754716979,9633.12750362997,10303.4875907096,9969.7872076993,9879.58624280252,10060.8117105326,9966.06931072818,9874.38216869726,10057.7564527591,9967.71965499848,10059.0781012545,10195.8778707977,10194.2318899906,10194.75275715,10194.1144103965,10183.9322835485,10181.0896358537,10174.4283039819,10185.2387688728,632.692452830213,967.872496370033,297.512409290392,631.212792300697,721.413757197479,540.188289467371,634.930689271818,726.617831302739,543.243547240896,633.28034500152,541.921898745493,405.122129202306,406.768110009367,406.247242850006,406.885589603529,417.06771645154,419.910364146346,426.571696018094,415.761231127182
"49","South Africa","South Africa",0,"2020-11-30","2020-12-06",7,2020,"49",60041996,11879,729,"TBC",10027.3075471698,9692.12750362997,10362.4875907096,10028.0912126607,9937.60512850399,10119.4012107604,10026.1523007973,9934.21384393812,10118.0907576566,10026.9010643741,10118.5297031194,10195.8536272682,10194.2324709271,10194.7523554034,10194.1147289493,10183.9307237172,10181.0863102317,10174.4305636071,10185.2351583668,1851.69245283021,2186.87249637003,1516.51240929039,1850.90878733932,1941.39487149601,1759.59878923956,1852.84769920266,1944.78615606188,1760.90924234343,1852.09893562585,1760.47029688058,1683.14637273177,1684.76752907294,1684.24764459657,1684.88527105069,1695.06927628281,1697.91368976833,1704.56943639294,1693.76484163323
"50","South Africa","South Africa",0,"2020-12-07","2020-12-13",7,2020,"50",60041996,12804,1070,"TBC",9611.50754716979,9276.32750362997,9946.68759070961,9617.1962082041,9528.73375415516,9706.4799262298,9610.00865614946,9519.82655808659,9700.19075421234,9613.44068324915,9703.16461787418,9393.68633304083,9398.44811136164,9414.1261679807,9409.53378531778,9371.32015444234,9382.88374337196,9383.45579224633,9369.74914890731,3192.49245283021,3527.67249637003,2857.31240929039,3186.8037917959,3275.26624584484,3097.5200737702,3193.99134385054,3284.17344191341,3103.80924578766,3190.55931675085,3100.83538212582,3410.31366695917,3405.55188863836,3389.8738320193,3394.46621468222,3432.67984555766,3421.11625662804,3420.54420775367,3434.25085109269
"51","South Africa","South Africa",0,"2020-12-14","2020-12-20",7,2020,"51",60041996,14321,1415,"TBC",10254.5075471698,9919.32750362997,10589.6875907096,10252.6110419356,10161.0330392262,10345.0144066479,10252.8172889173,10159.9360488111,10345.6985290234,10252.4872590975,10345.1385687211,9076.30398891,9084.65877102809,9103.12054796505,9098.92531052109,9033.91841318197,9049.2403499421,9045.19932924484,9034.18744159079,4066.49245283021,4401.67249637003,3731.31240929039,4068.38895806437,4159.96696077379,3975.98559335211,4068.18271108273,4161.06395118887,3975.3014709766,4068.5127409025,3975.86143127886,5244.69601109,5236.34122897191,5217.87945203495,5222.07468947891,5287.08158681803,5271.7596500579,5275.80067075516,5286.81255840921
"52","South Africa","South Africa",0,"2020-12-21","2020-12-27",7,2020,"52",60041996,17524,2044,"TBC",10198.1075471698,9862.92750362997,10533.2875907096,10196.8763660076,10105.5685558117,10289.0091783948,10198.0379819925,10105.3839680912,10290.6919958937,10197.2287606095,10289.6306108098,9030.94302669213,9039.8845519374,9058.470240212,9054.48362075438,8985.71658646914,9001.57482919618,8996.79389272894,8986.20752722214,7325.89245283021,7661.07249637003,6990.71240929039,7327.12363399238,7418.43144418828,7234.99082160518,7325.96201800753,7418.61603190878,7233.30800410627,7326.77123939051,7234.36938919021,8493.05697330787,8484.1154480626,8465.529759788,8469.51637924562,8538.28341353086,8522.42517080382,8527.20610727106,8537.79247277786
"53","South Africa","South Africa",0,"2020-12-28","2021-01-03",7,2020,"53",60041996,20234,2842,"TBC",10198.1075471698,9862.92750362997,10533.2875907096,10196.8763660076,10105.5685558117,10289.0091783948,10198.0379819925,10105.3839680912,10290.6919958937,10197.2287606095,10289.6306108098,9450.99066814676,9455.24769755153,9470.11931752922,9465.62705840925,9432.31467848036,9443.19582058348,9444.56616968193,9430.38280923004,10035.8924528302,10371.07249637,9700.71240929039,10037.1236339924,10128.4314441883,9944.99082160518,10035.9620180075,10128.6160319088,9943.30800410627,10036.7712393905,9944.36938919021,10783.0093318532,10778.7523024485,10763.8806824708,10768.3729415907,10801.6853215196,10790.8041794165,10789.4338303181,10803.61719077
"54","South Africa","South Africa",0,"2021-01-04","2021-01-10",7,2021,"1",60041996,23510,3586,"TBC",10150.9433962276,9805.71290342318,10496.173889032,10149.7844346932,10056.1166638498,10244.3246746603,10148.1118578503,10052.7717527889,10243.4519629117,10148.6525661028,10243.605098453,10152.7640141627,10149.7340197909,10149.656696194,10149.4102271747,10138.8299092715,10136.4264680877,10127.8328753824,10138.5808231919,13359.0566037724,13704.2870965768,13013.826110968,13360.2155653068,13453.8833361502,13265.6753253397,13361.8881421497,13457.2282472111,13266.5480370883,13361.3474338972,13266.394901547,13357.2359858373,13360.2659802091,13360.343303806,13360.5897728253,13371.1700907285,13373.5735319123,13382.1671246176,13371.4191768081
"55","South Africa","South Africa",0,"2021-01-11","2021-01-17",7,2021,"2",60041996,24953,3942,"TBC",9230.54339622624,8885.31290342146,9575.77388903102,9243.82788150861,9154.98824084016,9333.52961850602,9229.54966999275,9137.98833426737,9321.11100571812,9236.58302070218,9327.17855104673,9357.17805195927,9363.43640371727,9378.43500175443,9374.24775590759,9333.22265266542,9348.08107874396,9347.23866907624,9333.35089253789,15722.4566037738,16067.6870965785,15377.226110969,15709.1721184914,15798.0117591598,15619.470381494,15723.4503300073,15815.0116657326,15631.8889942819,15716.4169792978,15625.8214489533,15595.8219480407,15589.5635962827,15574.5649982456,15578.7522440924,15619.7773473346,15604.918921256,15605.7613309238,15619.6491074621
"56","South Africa","South Africa",0,"2021-01-18","2021-01-24",7,2021,"3",60041996,21804,3769,"TBC",9011.94339622624,8666.71290342146,9357.17388903102,9028.65827859338,8940.98864886184,9117.18754077487,9011.62507823126,8920.9834774095,9102.26667905303,9020.11480160483,9109.64504713395,9151.53605141804,9160.81896448092,9176.31577821106,9173.03304124301,9114.62393670218,9132.71588436632,9127.17367829853,9115.91578730107,12792.0566037738,13137.2870965785,12446.826110969,12775.3417214066,12863.0113511382,12686.8124592251,12792.3749217687,12883.0165225905,12701.733320947,12783.8851983952,12694.3549528661,12652.463948582,12643.1810355191,12627.6842217889,12630.966958757,12689.3760632978,12671.2841156337,12676.8263217015,12688.0842126989
"57","South Africa","South Africa",0,"2021-01-25","2021-01-31",7,2021,"4",60041996,15818,3290,"TBC",8865.34339622625,8520.11290342147,9210.57388903102,8884.35881021562,8797.47922556253,8972.09637498278,8862.42041178295,8772.41339863749,8952.42742492841,8873.5287157201,8962.33030603829,9047.1026014283,9058.03651644896,9074.32409143332,9071.24566371417,9003.62481841892,9023.35727875085,9016.4526159661,9006.01396296828,6952.65660377375,7297.88709657853,6607.42611096898,6933.64118978438,7020.52077443747,6845.90362501722,6955.57958821705,7045.58660136251,6865.57257507159,6944.4712842799,6855.66969396171,6770.8973985717,6759.96348355104,6743.67590856668,6746.75433628583,6814.37518158108,6794.64272124915,6801.5473840339,6811.98603703172
"58","South Africa","South Africa",0,"2021-02-01","2021-02-07",7,2021,"5",60041996,13832,2126,"TBC",9192.14339622624,8846.91290342147,9537.37388903102,9206.03047642223,9117.39568659045,9295.5269296323,9188.55711535768,9097.16759168057,9279.94663903479,9197.27159366218,9287.67459948596,9411.84015905922,9417.42662716473,9431.2065563548,9427.34699185247,9391.42527116023,9405.41112529497,9404.81933555242,9390.72802782131,4639.85660377376,4985.08709657853,4294.62611096898,4625.96952357777,4714.60431340955,4536.4730703677,4643.44288464232,4734.83240831943,4552.05336096521,4634.72840633782,4544.32540051404,4420.15984094078,4414.57337283527,4400.7934436452,4404.65300814753,4440.57472883977,4426.58887470503,4427.18066444758,4441.27197217869
"59","South Africa","South Africa",0,"2021-02-08","2021-02-14",7,2021,"6",60041996,12182,1609,"TBC",9305.14339622624,8959.91290342146,9650.37388903102,9317.25721534891,9228.02044426343,9407.35692354663,9302.57562625282,9210.70791612853,9394.44333637712,9309.8176403444,9400.77074188869,9666.33953795646,9668.68072445262,9679.721511699,9675.95747523232,9662.02526741948,9672.00048327076,9676.75617101992,9659.67296371719,2876.85660377376,3222.08709657854,2531.62611096898,2864.74278465109,2953.97955573657,2774.64307645337,2879.42437374718,2971.29208387147,2787.55666362288,2872.1823596556,2781.22925811131,2515.66046204354,2513.31927554738,2502.278488301,2506.04252476768,2519.97473258052,2509.99951672924,2505.24382898008,2522.32703628281
"60","South Africa","South Africa",0,"2021-02-15","2021-02-21",7,2021,"7",60041996,11440,1154,"TBC",8967.74339622625,8622.51290342147,9312.97388903102,8985.15189044669,8897.71999318199,9073.44292203628,8965.42755189299,8874.98174026741,9055.87336351857,8975.34872587087,9064.65707875047,9443.2026403559,9448.41906876852,9461.82360959903,9457.98712211617,9424.82477881585,9438.31085443598,9438.25924916793,9423.84937828034,2472.25660377375,2817.48709657853,2127.02611096898,2454.84810955331,2542.28000681801,2366.55707796372,2474.57244810701,2565.01825973259,2384.12663648143,2464.65127412913,2375.34292124953,1996.7973596441,1991.58093123148,1978.17639040097,1982.01287788383,2015.17522118415,2001.68914556402,2001.74075083207,2016.15062171966
"61","South Africa","South Africa",0,"2021-02-22","2021-02-28",7,2021,"8",60041996,10717,940,"TBC",8919.54339622624,8574.31290342146,9264.77388903102,8937.70827260352,8850.53608029394,9025.73905596829,8917.17099574323,8826.93052586597,9007.41146562049,8927.52773121374,9016.59843691687,9402.35395481979,9408.15052862633,9422.51955161002,9418.41124716174,9381.42377607083,9395.55092446023,9395.35321043702,9381.06601394334,1797.45660377376,2142.68709657854,1452.22611096898,1779.29172739648,1866.46391970606,1691.26094403171,1799.82900425677,1890.06947413403,1709.58853437951,1789.47226878626,1700.40156308313,1314.64604518021,1308.84947137367,1294.48044838998,1298.58875283826,1335.57622392917,1321.44907553977,1321.64678956298,1335.93398605666
"62","South Africa","South Africa",0,"2021-03-01","2021-03-07",7,2021,"9",60041996,10965,685,"TBC",9366.14339622625,9020.91290342147,9711.37388903102,9377.29996822093,9287.73925719413,9467.72430394019,9363.47274413312,9271.35054102542,9455.59494724081,9370.26573953941,9461.51292338343,9639.92273255141,9642.66668664328,9654.15558849585,9650.29230915196,9634.02222898413,9644.4066611746,9648.73444960346,9631.88568748408,1598.85660377375,1944.08709657853,1253.62611096898,1587.70003177907,1677.26074280587,1497.27569605981,1601.52725586688,1693.64945897458,1509.40505275919,1594.73426046059,1503.48707661657,1325.07726744859,1322.33331335672,1310.84441150415,1314.70769084804,1330.97777101587,1320.5933388254,1316.26555039654,1333.11431251592
"63","South Africa","South Africa",0,"2021-03-08","2021-03-14",7,2021,"10",60041996,10919,648,"TBC",9305.14339622624,8959.91290342146,9650.37388903102,9317.25721534883,9228.02043983384,9407.35692806213,9303.95459910897,9212.08136553563,9395.82783268231,9310.4758541195,9401.43216303171,10147.2554595862,10144.521694025,10144.8841813147,10144.4415764503,10133.2290235453,10130.882507198,10122.6184150021,10133.1721809459,1613.85660377376,1959.08709657854,1268.62611096898,1601.74278465117,1690.97956016616,1511.64307193787,1615.04540089103,1706.91863446437,1523.17216731769,1608.5241458805,1517.56783696829,771.744540413796,774.478305975048,774.115818685317,774.558423549652,785.770976454696,788.117492801995,796.381584997935,785.827819054062
"64","South Africa","South Africa",0,"2021-03-15","2021-03-21",7,2021,"11",60041996,10169,785,"TBC",9086.54339622624,8741.31290342147,9431.77388903102,9102.08761243357,9014.01762973201,9191.01806847473,9084.52843325623,8993.57784323834,9175.47902327411,9093.29577980897,9183.18758007387,10140.268535742,10137.6279782938,10138.9721933626,10138.0748657222,10125.8262933632,10123.5889339636,10116.1387185623,10126.2945432827,1082.45660377376,1427.68709657853,737.226110968977,1066.91238756643,1154.98237026799,977.981931525266,1084.47156674377,1175.42215676166,993.520976725889,1075.70422019103,985.812419926126,28.7314642579768,31.3720217061691,30.0278066373721,30.9251342778298,43.1737066367605,45.4110660363804,52.8612814376775,42.7054567173418
"65","South Africa","South Africa",0,"2021-03-22","2021-03-28",7,2021,"12",60041996,10172,552,"TBC",8975.54339622625,8630.31290342147,9320.77388903102,8992.82948835494,8905.35561011264,9081.16258881247,8974.21881205808,8883.73582140918,9064.70180270698,8983.54792305803,9072.89695833997,9286.74227813338,9294.26637871716,9309.93489735451,9305.79317700898,9258.61400532176,9274.55850568679,9272.59833845311,9259.32779445245,1196.45660377375,1541.68709657853,851.226110968975,1179.17051164506,1266.64438988736,1090.83741118753,1197.78118794192,1288.26417859082,1107.29819729302,1188.45207694197,1099.10304166003,885.257721866625,877.73362128284,862.065102645485,866.206822991016,913.385994678243,897.441494313211,899.401661546888,912.672205547546
"66","South Africa","South Africa",0,"2021-03-29","2021-04-04",7,2021,"13",60041996,10622,324,"TBC",9363.34339622625,9018.11290342147,9708.57388903103,9374.54390743334,9284.99804818933,9464.9533598484,9361.26929724902,9269.1563946174,9453.38219988065,9367.77558076615,9459.01066865921,10215.0874495076,10211.8033754751,10211.0904973662,10210.9584151332,10205.4188766894,10202.0036988144,10195.4219853289,10205.1878776592,1258.65660377375,1603.88709657853,913.426110968974,1247.45609256666,1337.00195181067,1157.0466401516,1260.73070275098,1352.8436053826,1168.61780011935,1254.22441923385,1162.98933134079,406.912550492398,410.19662452492,410.909502633789,411.041584866785,416.581123310618,419.996301185636,426.57801467106,416.812122340771
"67","South Africa","South Africa",0,"2021-04-05","2021-04-11",7,2021,"14",60041996,10847,335,"TBC",9633.94339622624,9288.71290342146,9979.17388903102,9640.89749640344,9549.92291098091,9732.73872496748,9632.36838274552,9539.13105667896,9725.60570881208,9636.40806165693,9728.93889542609,10110.8427397006,10108.564587589,10110.1539158361,10109.2349032085,10094.618811243,10092.8440339464,10084.4838989357,10095.0552297957,1213.05660377376,1558.28709657854,867.826110968977,1206.10250359656,1297.07708901909,1114.26127503252,1214.63161725448,1307.86894332104,1121.39429118792,1210.59193834307,1118.06110457391,736.157260299362,738.435412411049,736.846084163943,737.765096791463,752.381188756955,754.155966053644,762.51610106426,751.944770204314
"68","South Africa","South Africa",0,"2021-04-12","2021-04-18",7,2021,"15",60041996,10808,414,"TBC",9396.74339622625,9051.51290342147,9741.97388903103,9407.41977539938,9317.69683213282,9498.00668823841,9394.59086895204,9302.33899570297,9486.84274220112,9400.8620503035,9492.25772479405,10766.6023483683,10759.1053322105,10738.8968209252,10746.9734449062,10791.8147845104,10779.7127439099,10778.725138506,10786.0916978068,1411.25660377375,1756.48709657853,1066.02611096897,1400.58022460062,1490.30316786718,1309.99331176159,1413.40913104796,1505.66100429703,1321.15725779888,1407.13794969649,1315.74227520595,41.3976516317234,48.8946677894783,69.1031790747638,61.0265550937838,16.1852154895787,28.2872560900923,29.2748614939956,21.9083021932456
"69","South Africa","South Africa",0,"2021-04-19","2021-04-25",7,2021,"16",60041996,10637,412,"TBC",9353.34339622624,9008.11290342146,9698.57388903102,9364.70083319201,9275.20803520968,9455.05711163324,9351.8767964205,9259.80320984934,9443.95038299165,9358.14839568377,9449.33670437781,11378.1538497053,11367.6250922477,11320.4721898826,11341.3599651479,11442.0107839127,11420.2770706611,11427.7832091233,11431.574980819,1283.65660377376,1628.88709657854,938.426110968976,1272.29916680799,1361.79196479032,1181.94288836676,1285.1232035795,1377.19679015066,1193.04961700835,1278.85160431623,1187.66329562219,0,0,0,0,0,0,0,0
"70","South Africa","South Africa",0,"2021-04-26","2021-05-02",7,2021,"17",60041996,10928,269,"TBC",9605.94339622624,9260.71290342146,9951.17388903102,9613.33688852776,9522.50951213857,9705.0305924634,9604.43603633159,9511.31395637529,9697.55811628788,9608.66649939127,9701.06436541585,11396.375355731,11385.8075612728,11337.5054267958,11358.9531818693,11461.4068158266,11439.3856709128,11446.8932158658,11450.6907929599,1322.05660377376,1667.28709657854,976.826110968979,1314.66311147224,1405.49048786143,1222.9694075366,1323.56396366841,1416.68604362471,1230.44188371212,1319.33350060873,1226.93563458415,0,0,0,0,0,0,0,0
"71","South Africa","South Africa",0,"2021-05-03","2021-05-09",7,2021,"18",60041996,11472,318,"TBC",10145.3433962262,9800.11290342147,10490.573889031,10144.2723131046,10050.6334043577,10238.7836290798,10142.8893885619,10047.5703960286,10238.2083810951,10143.2822923995,10238.2097573222,11233.8137316785,11223.9108215463,11185.2033407143,11201.9892991167,11288.6028871643,11269.1416259899,11276.2440811108,11280.1299009645,1326.65660377375,1671.88709657853,981.426110968976,1327.72768689543,1421.36659564233,1233.2163709202,1329.11061143814,1424.42960397136,1233.79161890492,1328.71770760053,1233.79024267777,238.186268321519,248.089178453678,286.796659285705,270.010700883293,183.397112835739,202.858374010082,195.755918889197,191.87009903551
"72","South Africa","South Africa",0,"2021-05-10","2021-05-16",7,2021,"19",60041996,11723,475,"TBC",10137.9433962262,9792.71290342147,10483.173889031,10136.9884381661,10043.3877668733,10231.4614332075,10136.462605139,10041.1697014232,10231.7555088548,10136.4246463887,10231.3200914605,11303.9564421095,11293.7909687027,11250.5122359858,11269.4947251418,11363.1990053968,11342.6325281116,11349.3642625734,11353.4555135076,1585.05660377376,1930.28709657853,1239.82611096898,1586.01156183394,1679.6122331267,1491.53856679247,1586.53739486103,1681.83029857682,1491.24449114525,1586.57535361134,1491.67990853951,419.043557890524,429.209031297341,472.487764014173,453.50527485818,359.800994603213,380.367471888436,373.635737426603,369.544486492403
"73","South Africa","South Africa",0,"2021-05-17","2021-05-23",7,2021,"20",60041996,11773,592,"TBC",10217.5433962262,9872.31290342147,10562.773889031,10215.3393091269,10121.3278403938,10310.2239988833,10215.99052824,10120.3773604012,10311.6036960788,10215.363362496,10310.6267371132,11501.4563621175,11490.6161905616,11437.4019479818,11461.3414830386,11573.1951785784,11549.5173801278,11559.0872962979,11562.0132728479,1555.45660377375,1900.68709657853,1210.22611096897,1557.66069087312,1651.67215960625,1462.77600111675,1557.00947176,1652.62263959877,1461.39630392123,1557.63663750404,1462.37326288678,271.543637882452,282.383809438386,335.598052018167,311.658516961359,199.804821421607,223.48261987224,213.912703702075,210.986727152078
"74","South Africa","South Africa",0,"2021-05-24","2021-05-30",7,2021,"21",60041996,12290,561,"TBC",10106.7433962262,9761.51290342146,10451.973889031,10106.2780465331,10012.8386756019,10200.5893895716,10104.6544071018,10009.4897901896,10199.8190240141,10105.16843253,10199.9177981172,10984.288972903,10975.6704199573,10947.348266041,10959.1465875447,11023.3914153716,11007.8588918399,11010.623270479,11016.3463484941,2183.25660377376,2528.48709657854,1838.02611096898,2183.72195346688,2277.1613243981,2089.41061042837,2185.34559289816,2280.5102098104,2090.18097598592,2184.83156746999,2090.08220188277,1305.71102709696,1314.32958004273,1342.65173395903,1330.85341245533,1266.60858462841,1282.1411081601,1279.376729521,1273.65365150592
"75","South Africa","South Africa",0,"2021-05-31","2021-06-06",7,2021,"22",60041996,13567,611,"TBC",10803.9433962262,10458.7129034215,11149.173889031,10792.5371826398,10695.5307434484,10890.4234518714,10801.0684107107,10703.1312475165,10899.0055739049,10796.5330222014,10894.4625612159,10794.8264499036,10787.3371043081,10767.1440754265,10775.1989141504,10821.9877250732,10809.4390685067,10810.1255846204,10816.7095028578,2763.05660377376,3108.28709657853,2417.82611096898,2774.4628173602,2871.46925655158,2676.57654812856,2765.9315892893,2863.86875248351,2667.99442609509,2770.46697779859,2672.53743878407,2772.17355009644,2779.66289569193,2799.85592457349,2791.80108584963,2745.01227492684,2757.56093149329,2756.87441537956,2750.2904971422
"76","South Africa","South Africa",0,"2021-06-07","2021-06-13",7,2021,"23",60041996,14339,791,"TBC",11454.1433962262,11108.9129034215,11799.373889031,11432.5338698101,11332.2666332976,11533.6882650036,11452.2921244758,11351.8319765579,11552.7522723936,11442.3504970781,11543.1599146329,9080.84059576842,9091.74532707212,9108.80979513834,9105.12759968595,9039.97520050465,9059.16475730482,9053.93422954488,9042.54003580096,2884.85660377376,3230.08709657854,2539.62611096898,2906.46613018985,3006.73336670243,2805.31173499639,2886.70787552422,2987.16802344208,2786.24772760635,2896.64950292185,2795.84008536714,5258.15940423158,5247.25467292788,5230.19020486166,5233.87240031405,5299.02479949535,5279.83524269518,5285.06577045512,5296.45996419904
"77","South Africa","South Africa",0,"2021-06-14","2021-06-20",7,2021,"24",60041996,13944,937,"TBC",11473.5433962262,11128.3129034215,11818.773889031,11451.6294338399,11351.2658235907,11552.8804212696,11471.4428688023,11370.909443635,11571.9762939697,11461.4738661827,11562.3673042868,10510.9021162454,10505.4346333206,10495.7818277817,10499.2197635924,10520.1806037217,10512.1040019886,10509.4022188368,10517.4248777448,2470.45660377375,2815.68709657853,2125.22611096898,2492.3705661601,2592.73417640927,2391.11957873037,2472.55713119767,2573.090556365,2372.02370603033,2482.5261338173,2381.63269571323,3433.09788375456,3438.56536667936,3448.21817221832,3444.78023640763,3423.8193962783,3431.89599801143,3434.59778116322,3426.57512225523
"78","South Africa","South Africa",0,"2021-06-21","2021-06-27",7,2021,"25",60041996,15725,1198,"TBC",11300.7433962262,10955.5129034215,11645.973889031,11281.541110971,11182.037870007,11381.9297804299,11300.3749298404,11200.497895237,11400.2519644438,11290.8732574731,11391.0146475092,10977.2256248161,10968.7504186867,10939.3914560908,10951.6659377396,11015.9771946796,11000.5544242793,11001.7540414008,11008.1792159545,4424.25660377375,4769.48709657853,4079.02611096897,4443.45888902904,4542.96212999302,4343.07021957006,4424.62507015961,4524.50210476299,4324.74803555623,4434.12674252694,4333.9853524908,4747.77437518389,4756.24958131334,4785.6085439092,4773.33406226041,4709.02280532035,4724.44557572073,4723.24595859917,4716.8207840455
"79","South Africa","South Africa",0,"2021-06-28","2021-07-04",7,2021,"26",60041996,17351,1940,"TBC",11375.3433962262,11030.1129034215,11720.573889031,11354.970444787,11255.0952077324,11455.7319527076,11373.6249709598,11273.4662550236,11473.7836868961,11364.2086561884,11464.6740174821,10853.7934142575,10846.047902455,10822.9739458095,10832.3435830783,10884.7739026263,10871.2946999281,10872.181031902,10878.6874111455,5975.65660377375,6320.88709657853,5630.42611096897,5996.02955521305,6095.90479226765,5895.26804729244,5977.37502904017,6077.53374497639,5877.21631310394,5986.79134381163,5886.32598251792,6497.20658574254,6504.95209754497,6528.02605419054,6518.65641692172,6466.22609737375,6479.70530007191,6478.81896809797,6472.3125888545
"80","South Africa","South Africa",0,"2021-07-05","2021-07-11",7,2021,"27",60041996,18883,2449,"TBC",11585.3433962262,11240.1129034215,11930.573889031,11561.6750038547,11460.7569075769,11663.4817379631,11584.0534761659,11483.0905979322,11685.0163543996,11572.8780556138,11674.2595724319,10582.8752885786,10576.9500568654,10564.9788805238,10569.3960340606,10596.7707404508,10587.5584633184,10585.9608478436,10593.4894538103,7297.65660377375,7642.88709657853,6952.42611096897,7321.32499614532,7422.24309242311,7219.51826203685,7298.9465238341,7399.90940206783,7197.98364560038,7310.12194438622,7208.74042756807,8300.12471142141,8306.04994313463,8318.02111947618,8313.6039659394,8286.2292595492,8295.44153668163,8297.03915215639,8289.51054618968
"81","South Africa","South Africa",0,"2021-07-12","2021-07-18",7,2021,"28",60041996,21366,2570,"TBC",11035.5433962262,10690.3129034215,11380.773889031,11020.5027820669,10922.3278925602,11119.5601124804,11033.7862930541,10934.9402369524,11132.6323491558,11026.9453259078,11125.9119748832,10395.4824426616,10391.0320297812,10384.7141886138,10386.8022764486,10397.5677218521,10391.3066818715,10386.7330834246,10395.5759968309,10330.4566037738,10675.6870965785,9985.22611096897,10345.4972179331,10443.6721074398,10246.4398875196,10332.2137069459,10431.0597630476,10233.3676508442,10339.0546740922,10240.0880251168,10970.5175573384,10974.9679702188,10981.2858113862,10979.1977235514,10968.4322781479,10974.6933181285,10979.2669165754,10970.4240031691
"82","South Africa","South Africa",0,"2021-07-19","2021-07-25",7,2021,"29",60041996,20400,2916,"TBC",10834.1433962262,10488.9129034215,11179.373889031,10822.2632668467,10725.103997793,10920.3027067189,10832.6617642526,10734.6009167604,10930.7226117447,10827.2214772177,10925.2897827393,10375.8925761803,10371.6295510068,10365.8420901149,10367.7226581023,10376.7648613711,10370.8115545207,10365.9143581225,10374.8992097195,9565.85660377375,9911.08709657853,9220.62611096897,9577.73673315327,9674.89600220704,9479.69729328111,9567.33823574744,9665.39908323961,9469.27738825527,9572.77852278234,9474.7102172607,10024.1074238197,10028.3704489932,10034.1579098851,10032.2773418977,10023.2351386289,10029.1884454793,10034.0856418775,10025.1007902805
"83","South Africa","South Africa",0,"2021-07-26","2021-08-01",7,2021,"30",60041996,19074,2416,"TBC",10532.3433962262,10187.1129034215,10877.573889031,10525.1992862457,10429.5733279469,10621.7020132879,10530.9745672462,10434.103445683,10627.8456888094,10527.8000714569,10624.5059332164,10633.5914508063,10627.3813501026,10613.9155523245,10618.9684670216,10650.7621744249,10640.7480130158,10640.1651623893,10647.2338216197,8541.65660377375,8886.88709657853,8196.42611096898,8548.80071375429,8644.42667205313,8452.29798671208,8543.02543275384,8639.89655431704,8446.15431119064,8546.19992854309,8449.49406678363,8440.40854919373,8446.61864989741,8460.08444767548,8455.03153297842,8423.23782557509,8433.25198698423,8433.83483761067,8426.7661783803
"84","South Africa","South Africa",0,"2021-08-02","2021-08-08",7,2021,"31",60041996,17442,2622,"TBC",11028.1433962262,10682.9129034215,11373.373889031,11013.2189071284,10915.0812352921,11112.2389363587,11024.7557640036,10925.9445590487,11123.5669689585,11018.7550818123,11117.6850524222,10148.7812747018,10146.585513011,10148.3321156311,10147.2154281961,10135.3596773415,10132.9820287505,10126.4807580734,10136.122927725,6413.85660377375,6759.08709657853,6068.62611096897,6428.78109287157,6526.91876470793,6329.76106364125,6417.2442359964,6516.05544095135,6318.43303104145,6423.24491818767,6324.31494757784,7293.21872529819,7295.41448698899,7293.6678843689,7294.7845718039,7306.64032265854,7309.01797124954,7315.51924192661,7305.87707227505
"85","South Africa","South Africa",0,"2021-08-09","2021-08-15",7,2021,"32",60041996,15647,2328,"TBC",10896.9433962262,10551.7129034215,11242.173889031,10884.0777730822,10786.6011743018,10982.435250571,10894.8633892546,10796.5589437509,10993.1678347583,10889.2321166244,10987.5802218649,10050.745601239,10049.5285742886,10053.2367184098,10051.4961033829,10031.1573873957,10030.3242270378,10022.0739249115,10032.5135716524,4750.05660377376,5095.28709657854,4404.82611096898,4762.92222691781,4860.39882569824,4664.56474942904,4752.13661074539,4850.44105624907,4653.83216524171,4757.76788337561,4659.41977813514,5596.25439876097,5597.47142571142,5593.76328159023,5595.50389661709,5615.84261260429,5616.67577296224,5624.92607508846,5614.48642834761
"86","South Africa","South Africa",0,"2021-08-16","2021-08-22",7,2021,"33",60041996,15781,2280,"TBC",10608.9433962262,10263.7129034215,10954.173889031,10600.5972349323,10504.5807708352,10697.4913315192,10607.7900620916,10510.6146693976,10704.9654547857,10603.9178481775,10700.9718824406,9952.14562690328,9951.96451322095,9957.02824525179,9954.99234572143,9966.54640571054,9972.00528151243,9981.67616878005,9961.72120507256,5172.05660377376,5517.28709657854,4826.82611096898,5180.40276506774,5276.41922916475,5083.50866848079,5173.20993790838,5270.38533060243,5076.03454521432,5177.08215182247,5080.02811755937,5828.85437309672,5829.03548677905,5823.97175474821,5826.00765427857,5814.45359428946,5808.99471848757,5799.32383121995,5819.27879492744
"87","South Africa","South Africa",0,"2021-08-23","2021-08-29",7,2021,"34",60041996,14886,2174,"TBC",10409.7433962262,10064.5129034215,10754.973889031,10404.5231960475,10309.5241340947,10500.3976448422,10407.8632469327,10311.4817622383,10504.244731627,10405.8951948788,10502.0408154365,8942.66932166739,8956.08104401929,8970.9689327412,8969.25145177335,8893.34458584044,8914.70635963166,8904.48452383423,8895.78496935363,4476.25660377375,4821.48709657853,4131.02611096898,4481.47680395247,4576.47586590532,4385.60235515785,4478.13675306734,4574.51823776173,4381.75526837295,4480.10480512119,4383.95918456346,5943.33067833261,5929.91895598071,5915.0310672588,5916.74854822665,5992.65541415956,5971.29364036834,5981.51547616577,5990.21503064637
"88","South Africa","South Africa",0,"2021-08-30","2021-09-05",7,2021,"35",60041996,14703,1824,"TBC",10388.9433962262,10043.7129034215,10734.173889031,10384.0496016235,10289.1571156023,10479.8172403712,10386.9680844915,10290.66994943,10483.2662195529,10385.2098783896,10481.2601099002,10342.2560744229,10338.4284880291,10333.6456321144,10335.1270401741,10341.1519481297,10335.7210366542,10330.425651946,10339.5637692187,4314.05660377376,4659.28709657853,3968.82611096898,4318.95039837654,4413.84288439771,4223.18275962885,4316.03191550853,4412.33005056998,4219.73378044707,4317.79012161036,4221.73989009985,4360.74392557706,4364.57151197095,4369.35436788559,4367.87295982593,4361.84805187031,4367.2789633458,4372.57434805396,4363.43623078126
"89","South Africa","South Africa",0,"2021-09-06","2021-09-12",7,2021,"36",60041996,13684,1458,"TBC",10662.9433962262,10317.7129034215,11008.173889031,10653.749835836,10557.4586486664,10750.9192639758,10662.1933324635,10564.8030594828,10759.5836054442,10657.7082961715,10755.0076218469,9849.54515689895,9850.54758245106,9858.58833620406,9855.50119173645,9857.54176261703,9864.61154793489,9873.29974838701,9853.95073246658,3021.05660377376,3366.28709657854,2675.82611096898,3030.25016416403,3126.54135133364,2933.0807360242,3021.80666753651,3119.19694051718,2924.41639455584,3026.29170382853,2928.99237815309,3834.45484310105,3833.45241754894,3825.41166379594,3828.49880826355,3826.45823738297,3819.38845206511,3810.70025161299,3830.04926753342
"90","South Africa","South Africa",0,"2021-09-13","2021-09-19",7,2021,"37",60041996,12174,1297,"TBC",10147.5433962262,9802.31290342147,10492.773889031,10146.4377894377,10052.7875202982,10240.9604905164,10146.8584064308,10051.5237132334,10242.1930996282,10146.3476116173,10241.2893856862,9553.98391675736,9558.53194597903,9571.54992945381,9567.34259919724,9543.34080330474,9555.0650547468,9558.32616026882,9542.03096940949,2026.45660377376,2371.68709657853,1681.22611096898,2027.56221056225,2121.21247970183,1933.03950948355,2027.1415935692,2122.47628676662,1931.80690037178,2027.65238838271,1932.71061431377,2620.01608324264,2615.46805402097,2602.45007054619,2606.65740080276,2630.65919669526,2618.9349452532,2615.67383973118,2631.96903059051
"91","South Africa","South Africa",0,"2021-09-20","2021-09-26",7,2021,"38",60041996,11796,878,"TBC",10043.3433962262,9698.11290342147,10388.573889031,10043.8729558431,9950.76185861269,10137.8553106265,10042.0694651792,9947.15811507933,10136.9808152791,10042.6775551102,10137.1341835023,9581.2364241183,9585.46394846901,9597.80797336239,9593.80462279001,9572.34017683927,9583.63240821327,9587.0702865335,9570.64917043337,1752.65660377375,2097.88709657853,1407.42611096898,1752.12704415689,1845.23814138731,1658.14468937348,1753.93053482077,1848.84188492067,1659.01918472087,1753.32244488976,1658.86581649767,2214.7635758817,2210.53605153099,2198.19202663761,2202.19537720999,2223.65982316073,2212.36759178673,2208.9297134665,2225.35082956663
"92","South Africa","South Africa",0,"2021-09-27","2021-10-03",7,2021,"39",60041996,11158,728,"TBC",9938.54339622624,9593.31290342147,10283.773889031,9940.71753779408,9848.15057576836,10034.1545761243,9936.18813904688,9841.70639047844,10030.6698876153,9938.17759566806,10032.1426537496,9915.68872999751,9916.04602902129,9921.88482121855,9919.61364131923,9927.93866139135,9933.9599652563,9942.9722283633,9923.3675428969,1219.45660377376,1564.68709657853,874.226110968977,1217.28246220592,1309.84942423164,1123.84542387574,1221.81186095312,1316.29360952156,1127.33011238467,1219.82240433194,1125.85734625035,1242.31127000249,1241.95397097871,1236.11517878145,1238.38635868077,1230.06133860865,1224.0400347437,1215.0277716367,1234.63245710309
"93","South Africa","South Africa",0,"2021-10-04","2021-10-10",7,2021,"40",60041996,11147,537,"TBC",10353.3433962262,10008.1129034215,10698.573889031,10349.008257324,10254.2983608537,10444.592905452,10351.3522939279,10255.1964208177,10447.5081670381,10349.8786324822,10445.765716187,9701.20732567755,9704.01475023379,9713.99679790566,9710.60023465536,9699.93790367762,9709.33606872549,9714.43007828157,9697.02537334053,793.656603773756,1138.88709657853,448.426110968976,797.991742675986,892.701639146286,702.407094548013,795.647706072099,891.803579182286,699.491832961912,797.121367517813,701.234283813024,1445.79267432245,1442.98524976621,1433.00320209434,1436.39976534464,1447.06209632238,1437.66393127451,1432.56992171843,1449.97462665947
"94","South Africa","South Africa",0,"2021-10-11","2021-10-17",7,2021,"41",60041996,11031,295,"TBC",9829.54339622625,9484.31290342147,10174.773889031,9833.42802856374,9741.42901558955,9926.29588925777,9828.24078167946,9734.19942005809,9922.28214330082,9830.56744143985,9924.02359022303,9441.38909137454,9447.5111640083,9461.78948048973,9457.52302305311,9423.73704305996,9437.2267829288,9438.32012228449,9423.23513600013,1201.45660377375,1546.68709657853,856.226110968975,1197.57197143626,1289.57098441045,1104.70411074223,1202.75921832054,1296.80057994191,1108.71785669918,1200.43255856015,1106.97640977697,1589.61090862546,1583.4888359917,1569.21051951027,1573.47697694689,1607.26295694004,1593.7732170712,1592.67987771551,1607.76486399987
"95","South Africa","South Africa",0,"2021-10-18","2021-10-24",7,2021,"42",60041996,10451,313,"TBC",9515.34339622625,9170.11290342147,9860.57388903102,9524.1586359014,9433.80856876561,9615.37400940545,9514.30183304496,9421.55265725568,9607.05100883423,9519.02960070554,9610.99651189617,9320.77961515898,9328.58964722272,9343.64419180655,9339.63197805691,9295.53607959751,9310.92412714373,9309.39810526671,9295.77549418743,935.656603773754,1280.88709657853,590.426110968976,926.8413640986,1017.19143123439,835.625990594552,936.698166955044,1029.44734274432,843.948991165769,931.970399294461,840.003488103828,1130.22038484102,1122.41035277728,1107.35580819345,1111.36802194309,1155.46392040249,1140.07587285627,1141.60189473329,1155.22450581257
"96","South Africa","South Africa",0,"2021-10-25","2021-10-31",7,2021,"43",60041996,10049,252,"TBC",9544.34339622625,9199.11290342147,9889.57388903102,9552.70355120122,9462.20053744504,9644.07219821751,9542.91966056873,9450.05188262217,9635.78743851529,9547.60904656174,9639.71358104101,9942.11494644626,9942.29087884114,9947.28632607,9945.32406728091,9956.1350136744,9961.7305378996,9970.9637117621,9951.20048295549,504.656603773754,849.887096578534,159.426110968976,496.296448798777,586.799462554962,404.927801782493,506.08033943127,598.948117377833,413.212561484706,501.390953438258,409.286418958987,106.88505355374,106.709121158858,101.713673930004,103.675932719092,92.8649863255978,87.2694621003993,78.036288237905,97.7995170445101
"97","South Africa","South Africa",0,"2021-11-01","2021-11-07",7,2021,"44",60041996,11140,155,"TBC",9899.94339622624,9554.71290342146,10245.173889031,9902.7232712226,9810.35719917652,9995.95898451537,9897.59651006306,9803.27190035741,9991.9211197687,9899.89107382585,9993.67538474177,9997.58577908953,9997.20875456508,10001.8693412038,9999.85738181432,9992.39659268111,9993.29213043266,10001.2478956131,9988.61303151998,1240.05660377376,1585.28709657854,894.826110968977,1237.2767287774,1329.64280082348,1144.04101548463,1242.40348993694,1336.72809964259,1148.0788802313,1240.10892617415,1146.32461525823,1142.41422091047,1142.79124543492,1138.13065879619,1140.14261818568,1147.60340731889,1146.70786956734,1138.75210438691,1151.38696848002
"98","South Africa","South Africa",0,"2021-11-08","2021-11-14",7,2021,"45",60041996,10970,152,"TBC",9671.94339622624,9326.71290342146,10017.173889031,9678.30117852094,9587.12704820275,9770.34238006885,9669.80718137914,9576.41553074529,9763.19883201299,9673.82605510632,9766.53593379516,9249.78484250261,9258.68939531962,9272.39484964044,9269.47181480428,9220.13384601721,9236.63662384057,9231.75259075243,9219.90832788052,1298.05660377376,1643.28709657854,952.826110968976,1291.69882147906,1382.87295179725,1199.65761993115,1300.19281862086,1393.58446925471,1206.80116798701,1296.17394489368,1203.46406620484,1720.21515749739,1711.31060468038,1697.60515035956,1700.52818519572,1749.86615398279,1733.36337615943,1738.24740924757,1750.09167211948
"99","South Africa","South Africa",0,"2021-11-15","2021-11-21",7,2021,"46",60041996,10348,90,"TBC",9395.74339622625,9050.51290342147,9740.97388903102,9406.43546797529,9316.71782538259,9497.01706883562,9394.6716102722,9302.41959038072,9486.92363016367,9400.39077770408,9491.78416683859,9606.43569413032,9610.54615881225,9622.10600374239,9618.3734872232,9599.33257771306,9610.21312580519,9613.69546059791,9597.19591390662,952.256603773754,1297.48709657853,607.026110968976,941.56453202471,1031.28217461741,850.982931164383,953.328389727805,1045.58040961928,861.076369836328,947.609222295921,856.215833161412,741.564305869682,737.453841187751,725.893996257611,729.626512776797,748.667422286939,737.786874194806,734.304539402092,750.804086093378
"100","South Africa","South Africa",0,"2021-11-22","2021-11-28",7,2021,"47",60041996,10163,223,"TBC",9267.54339622624,8922.31290342147,9612.77388903102,9280.24725620146,9191.21050956146,9370.14651624425,9266.13526453508,9174.42037439545,9357.85015467472,9273.08283541882,9363.85675418188,10211.2167053917,10208.8423293677,10207.6989068491,10207.7912816979,10202.1401273647,10198.7479683223,10191.7646988021,10201.6150180784,895.456603773757,1240.68709657853,550.226110968977,882.752743798535,971.789490438539,792.853483755754,896.864735464917,988.57962560455,805.149845325283,889.917164581178,799.143245818119,0,0,0,0,0,0,0,0
"101","South Africa","South Africa",0,"2021-11-29","2021-12-05",7,2021,"48",60041996,11493,169,"TBC",9928.14339622624,9582.91290342147,10273.373889031,9930.4807405831,9837.96787766334,10023.8635626156,9925.46217071774,9831.02401360429,10019.9003278312,9927.69849941788,10021.6141213022,10158.1426031741,10156.2850393049,10157.8998545155,10156.8186192966,10145.7386625646,10143.1806563187,10137.0397574008,10146.4575340583,1564.85660377376,1910.08709657853,1219.62611096898,1562.5192594169,1655.03212233666,1469.13643738444,1567.53782928226,1661.97598639571,1473.09967216881,1565.30150058212,1471.38587869785,1334.85739682588,1336.71496069511,1335.10014548454,1336.18138070341,1347.26133743537,1349.81934368125,1355.9602425992,1346.54246594169
"102","South Africa","South Africa",0,"2021-12-06","2021-12-12",7,2021,"49",60041996,11308,171,"TBC",9987.14339622625,9641.91290342147,10332.373889031,9988.5548786069,9895.73534601123,10082.2450352977,9985.5451607869,9890.8629536997,10080.2273678741,9986.76115636437,10080.9550725207,10158.1183596447,10156.2856180789,10157.8994527689,10156.8189372662,10145.7371027334,10143.1773430796,10137.042017026,10146.4539304325,1320.85660377375,1666.08709657853,975.626110968977,1319.4451213931,1412.26465398877,1225.7549647023,1322.4548392131,1417.1370463003,1227.7726321259,1321.23884363563,1227.04492747933,1149.88164035534,1151.71438192115,1150.1005472311,1151.18106273383,1162.26289726664,1164.82265692038,1170.95798297404,1161.54606956751
"103","South Africa","South Africa",0,"2021-12-13","2021-12-19",7,2021,"50",60041996,11976,211,"TBC",9571.34339622624,9226.11290342146,9916.57388903102,9579.27985165279,9488.63457985232,9670.79106103686,9569.40151613902,9476.42409350107,9662.37893877698,9574.1379126512,9666.37001170426,9355.95106541726,9363.46347387172,9377.27326534616,9373.70328554817,9333.12653345852,9347.94685935188,9346.06724566523,9332.55433767247,2404.65660377376,2749.88709657854,2059.42611096898,2396.72014834721,2487.36542014768,2305.20893896314,2406.59848386098,2499.57590649893,2313.62106122302,2401.8620873488,2309.62998829574,2620.04893458274,2612.53652612828,2598.72673465384,2602.29671445183,2642.87346654148,2628.05314064812,2629.93275433477,2643.44566232753
"104","South Africa","South Africa",0,"2021-12-20","2021-12-26",7,2021,"51",60041996,13334,466,"TBC",10214.3433962262,9869.11290342146,10559.573889031,10212.1895253697,10118.1945506642,10307.0576850318,10212.2101489068,10116.6120793928,10307.8082184208,10211.8978765246,10307.1451285764,9038.56872128643,9050.84217811209,9066.26764533051,9063.69172411708,8995.72479219815,9015.54577701305,9007.81078266374,8997.66540575837,3119.65660377376,3464.88709657854,2774.42611096898,3121.81047463033,3215.80544933582,3026.94231496821,3121.78985109318,3217.3879206072,3026.19178157915,3122.10212347537,3026.85487142357,4295.43127871357,4283.15782188791,4267.73235466949,4270.30827588292,4338.27520780185,4318.45422298695,4326.18921733626,4336.33459424163
"105","South Africa","South Africa",0,"2021-12-27","2022-01-02",7,2021,"52",60041996,13591,414,"TBC",10157.9433962262,9812.71290342146,10503.173889031,10156.6745866498,10062.9706166471,10251.2511055577,10157.430841982,10062.0535578815,10252.8081260825,10156.7490180662,10251.7393305975,8993.20775906855,9006.23462588014,9021.61733757747,9019.33626856982,8947.52296548531,8968.05773739294,8959.40534614784,8949.78270178839,3433.05660377376,3778.28709657854,3087.82611096898,3434.32541335021,3528.02938335294,3339.74889444232,3433.56915801797,3528.94644211846,3338.19187391747,3434.25098193382,3339.2606694025,4597.79224093145,4584.76537411986,4569.38266242253,4571.66373143018,4643.47703451469,4622.94226260706,4631.59465385216,4641.21729821161
"106","South Africa","South Africa",0,"2022-01-03","2022-01-09",7,2022,"1",60041996,12435,674,"TBC",10110.779245284,9753.04140505798,10468.5170855101,10109.7683180191,10013.0611001649,10207.4095445537,10107.5047178399,10008.7705940828,10206.2388415969,10108.2694506389,10206.474816365,10115.0287465391,10111.952807287,10112.8037935594,10112.1963774353,10100.6362882877,10098.6837905079,10090.4443288013,10099.8886023651,2324.22075471595,2681.95859494202,1966.48291448988,2325.2316819809,2421.93889983506,2227.59045544633,2327.49528216013,2426.22940591718,2228.76115840308,2326.73054936108,2228.52518363496,2319.97125346085,2323.04719271298,2322.19620644057,2322.80362256474,2334.36371171234,2336.31620949206,2344.55567119871,2335.11139763489
"107","South Africa","South Africa",0,"2022-01-10","2022-01-16",7,2022,"2",60041996,11359,911,"TBC",9190.3792452827,8832.64140505619,9548.11708550922,9207.3835513456,9115.91069362826,9299.77428594657,9188.94252998231,9093.85279980198,9284.03226016264,9198.05910474083,9291.7496187379,9319.44278433571,9328.58209326488,9341.5820991199,9338.48456609486,9295.02903168158,9313.27378139368,9309.85012249515,9296.22846804175,2168.6207547173,2526.35859494381,1810.88291449078,2151.6164486544,2243.08930637174,2059.22571405343,2170.05747001769,2265.14720019802,2074.96773983736,2160.94089525917,2067.2503812621,2039.55721566429,2030.41790673512,2017.4179008801,2020.51543390514,2063.97096831842,2045.72621860632,2049.14987750485,2062.77153195825
"108","South Africa","South Africa",0,"2022-01-17","2022-01-23",7,2022,"3",60041996,10355,813,"TBC",8971.7792452827,8614.04140505619,9329.51708550922,8993.06226713017,8902.85356097492,9084.18501849694,8971.01793822082,8876.81364818958,9065.22222825206,8982.04545899376,9074.63209399682,9113.80078379449,9126.71887404196,9139.46287557653,9137.65612398026,9076.43031571834,9098.71049280787,9089.78513171744,9079.22875703874,1383.2207547173,1740.95859494381,1025.48291449078,1361.93773286983,1452.14643902508,1270.81498150306,1383.98206177918,1478.18635181042,1289.77777174794,1372.95454100624,1280.36790600318,1241.19921620551,1228.28112595804,1215.53712442347,1217.34387601974,1278.56968428166,1256.28950719213,1265.21486828256,1275.77124296126
"109","South Africa","South Africa",0,"2022-01-24","2022-01-30",7,2022,"4",60041996,9817,1073,"TBC",8825.1792452827,8467.44140505619,9182.91708550922,8849.33170781642,8759.97565605986,8939.59923516366,8821.81327177251,8728.21952502378,8915.40701852123,8835.77030145011,8927.60188280969,9009.36733380474,9024.31902180051,9037.47118879878,9036.06576182177,8965.43119743508,8989.75908065504,8979.06406938502,8969.54897704255,991.820754717295,1349.55859494381,634.08291449078,967.66829218358,1057.02434394014,877.400764836337,995.186728227492,1088.78047497622,901.592981478765,981.229698549894,889.398117190307,807.632666195261,792.680978199494,779.528811201219,780.93423817823,851.568802564921,827.240919344962,837.935930614984,847.45102295745
"110","South Africa","South Africa",0,"2022-01-31","2022-02-06",7,2022,"5",60041996,10211,813,"TBC",9151.9792452827,8794.24140505619,9509.71708550922,9169.73516473164,9078.48376169789,9261.90377142784,9147.94997534724,9053.02569984227,9242.8742508522,9158.82983086322,9252.32084537317,9374.10489143566,9382.3713443419,9394.35365372027,9391.48256039205,9353.23165017639,9370.39036124916,9367.43078897133,9353.49155887309,1059.0207547173,1416.75859494381,701.282914490781,1041.26483526836,1132.51623830211,949.09622857216,1063.05002465276,1157.97430015773,968.125749147797,1052.17016913678,958.67915462683,836.895108564337,828.628655658098,816.646346279733,819.517439607947,857.768349823607,840.609638750844,843.569211028667,857.508441126909
"111","South Africa","South Africa",0,"2022-02-07","2022-02-13",7,2022,"6",60041996,9934,1158,"TBC",9264.9792452827,8907.24140505619,9622.71708550922,9280.5233857577,9188.62105968754,9373.34489627155,9261.96848624238,9166.5836628082,9357.35330967657,9271.14114327435,9365.20218290976,9628.6042703329,9632.69017727473,9642.86860906446,9639.62277923714,9623.83164643564,9635.98708180821,9639.36762443884,9621.90651760788,669.0207547173,1026.75859494381,311.282914490783,653.476614242305,745.378940312457,560.655103728453,672.031513757618,767.416337191802,576.646690323434,662.85885672565,568.797817090239,305.395729667096,301.309822725272,291.131390935539,294.377220762863,310.168353564357,298.012918191791,294.632375561165,312.093482392122
"112","South Africa","South Africa",0,"2022-02-14","2022-02-20",7,2022,"7",60041996,9588,1674,"TBC",8927.5792452827,8569.84140505619,9285.31708550922,8949.72740545436,8859.77535333176,9040.59272810113,8924.82041188255,8830.8045262916,9018.83629747349,8937.37406825262,9029.73077166256,9405.46737273234,9413.24842016173,9424.9707069645,9422.06440036022,9386.63115783201,9403.1675892431,9400.87070258684,9386.54723495025,660.420754717297,1018.15859494381,302.682914490782,638.272594545642,728.224646668237,547.407271898868,663.179588117453,757.195473708398,569.163702526508,650.625931747376,558.269228337436,182.532627267658,174.751579838274,163.029293035503,165.935599639784,201.368842167987,184.832410756895,187.129297413163,201.452765049746
"113","South Africa","South Africa",0,"2022-02-21","2022-02-27",7,2022,"8",60041996,9743,562,"TBC",8879.3792452827,8521.64140505619,9237.11708550922,8902.4708368396,8812.79907955864,8993.05501978478,8876.56385573279,8782.74553464043,8970.38217682515,8889.6544812863,8981.76492780579,9364.61868719623,9373.12977500884,9385.66664897548,9382.56383304618,9343.23015508699,9360.5668745742,9357.96466385594,9343.8487250482,863.620754717298,1221.35859494381,505.882914490783,840.529163160401,930.200920441361,749.944980215216,866.436144267211,960.254465359574,772.617823174847,853.345518713702,761.235072194206,378.381312803771,369.870224991162,357.333351024516,360.436166953823,399.769844913011,382.433125425805,385.035336144065,399.151274951801
"114","South Africa","South Africa",0,"2022-02-28","2022-03-06",7,2022,"9",60041996,10100,314,"TBC",9325.9792452827,8968.24140505619,9683.71708550922,9340.32941657716,9248.0766292131,9433.5024576456,9322.86560412268,9227.23560502396,9418.49560322139,9331.46375304691,9425.82952928278,9602.18746492786,9606.77297371628,9617.30268586132,9614.00587881396,9595.82860800029,9608.49600447459,9611.34590302237,9594.17365372138,774.020754717298,1131.75859494381,416.282914490781,759.670583422843,851.923370786901,666.497542354404,777.134395877323,872.764394976039,681.504396778608,768.536246953092,674.170470717219,497.812535072142,493.227026283717,482.697314138684,485.994121186035,504.171391999711,491.503995525407,488.654096977631,505.826346278616
"115","South Africa","South Africa",0,"2022-03-07","2022-03-13",7,2022,"10",60041996,10076,182,"TBC",9264.9792452827,8907.24140505618,9622.71708550921,9280.52338575761,9188.62105542239,9373.34490062228,9263.34745909853,9167.95731494958,9358.73760324749,9271.79798841643,9365.86235161941,10109.5201919626,10106.7598838017,10108.0312786801,10107.236845225,10095.0354025615,10093.1604723891,10085.229868421,10094.4902919582,811.020754717301,1168.75859494382,453.282914490786,795.476614242387,887.378944577615,702.65509937772,812.652540901467,908.042685050419,717.262396752514,804.202011583566,710.137648380587,0,0,0,0,0,0,0,0
"116","South Africa","South Africa",0,"2022-03-14","2022-03-20",7,2022,"11",60041996,9676,156,"TBC",9046.3792452827,8688.64140505619,9404.11708550922,9066.20210154217,8975.56102030768,9157.75853565417,9043.92129324579,8949.41960791601,9138.42297857556,9055.07215625334,9148.03344475022,10102.5332681185,10099.8918291311,10102.1192907281,10100.8818220083,10087.6326723794,10085.8940565542,10078.7501719812,10087.6257962602,629.620754717298,987.358594943815,271.882914490781,609.797898457835,700.438979692317,518.241464345829,632.078706754213,726.58039208399,537.577021424437,620.927843746662,527.966555249779,0,0,0,0,0,0,0,0
"117","South Africa","South Africa",0,"2022-03-21","2022-03-27",7,2022,"12",60041996,9807,85,"TBC",8935.3792452827,8577.64140505619,9293.11708550922,8957.37473398539,8867.37736455425,9048.28551063623,8933.61167204764,8839.56001204684,9027.66333204844,8945.55590563547,9037.95476532956,9249.00701050982,9259.66954569307,9273.08199471998,9270.16093015921,9220.42038433792,9240.02496741505,9235.20979187202,9222.35301951722,871.620754717296,1229.35859494381,513.882914490781,849.625266014609,939.622635445754,758.714489363772,873.38832795236,967.439987953161,779.336667951558,861.444094364526,769.045234670444,557.992989490182,547.330454306928,533.91800528002,536.839069840789,586.579615662084,566.975032584945,571.790208127977,584.646980482776
"118","South Africa","South Africa",0,"2022-03-28","2022-04-03",7,2022,"13",60041996,10077,84,"TBC",9323.1792452827,8965.44140505619,9680.91708550922,9337.58422171985,9245.34750513722,9430.74114296555,9320.66215723858,9225.04111896313,9416.28319551403,9328.97875580122,9423.33199786221,10177.352181884,10173.7911169643,10174.2375947317,10173.6317961178,10167.2252557055,10164.0168463981,10158.0334387479,10166.3686461852,753.820754717295,1111.55859494381,396.08291449078,739.415778280154,831.652494862785,646.25885703445,756.337842761421,851.958881036873,660.716804485968,748.02124419878,653.668002137787,0,0,0,0,0,0,0,0
"119","South Africa","South Africa",0,"2022-04-04","2022-04-10",7,2022,"14",60041996,10065,46,"TBC",9593.7792452827,9236.04140505619,9951.51708550922,9602.88769614206,9509.10377132602,9697.59656875187,9591.76124273508,9495.05638396799,9688.46610150216,9597.05832207661,9692.75425356064,10073.1074720771,10070.936623541,10073.3010132015,10072.094847672,10056.4251902592,10055.2636342429,10047.0953523547,10056.4462319002,471.220754717298,828.958594943813,113.482914490782,462.112303857935,555.896228673984,367.403431248129,473.238757264924,569.943616032007,376.533898497841,467.941677923387,372.245746439357,0,0,0,0,8.5748097407959,9.73636575711316,17.9046476453495,8.55376809979862
"120","South Africa","South Africa",0,"2022-04-11","2022-04-17",7,2022,"15",60041996,10937,51,"TBC",9356.5792452827,8998.84140505619,9714.31708550922,9370.33047466039,9277.90212421964,9463.67961515161,9353.9837289416,9258.22878855793,9449.73866932527,9361.99670057734,9456.51634712389,10728.8670807447,10719.055805384,10702.0439182907,10708.6787573267,10753.6211635266,10739.5748093255,10741.3365919249,10746.1818766471,1580.4207547173,1938.15859494381,1222.68291449078,1566.66952533961,1659.09787578036,1473.32038484839,1583.0162710584,1678.77121144207,1487.26133067473,1575.00329942266,1480.48365287611,208.13291925528,217.944194615979,234.956081709299,228.32124267327,183.378836473419,197.425190674456,195.663408075085,190.818123352865
"121","South Africa","South Africa",0,"2022-04-18","2022-04-24",7,2022,"16",60041996,10397,156,"TBC",9313.1792452827,8955.44140505619,9670.91708550922,9327.77995437238,9235.60065114214,9420.87928698294,9311.26965641006,9215.68649766423,9406.85281515588,9319.37153211969,9413.67630021916,11340.4185820817,11325.3104209039,11283.6192872481,11302.0196075849,11403.8171629288,11377.7540141672,11390.3946625422,11390.4872373827,1083.8207547173,1441.55859494381,726.08291449078,1069.22004562762,1161.39934885786,976.120713017059,1085.73034358994,1181.31350233577,990.147184844122,1077.62846788031,983.32369978084,0,0,0,0,0,0,0,0
"122","South Africa","South Africa",0,"2022-04-25","2022-05-01",7,2022,"17",60041996,10708,60,"TBC",9565.7792452827,9208.04140505618,9923.51708550922,9575.4357475692,9481.81135496907,9669.98459717037,9563.82889632115,9467.2351644599,9660.42262818239,9569.37349918454,9664.9316456387,11358.6400881074,11343.4252077883,11300.6525241613,11319.582296387,11423.2131948427,11396.7914641234,11409.5046692847,11409.5686796209,1142.2207547173,1499.95859494382,784.482914490784,1132.5642524308,1226.18864503093,1038.01540282963,1144.17110367885,1240.7648355401,1047.57737181761,1138.62650081546,1043.0683543613,0,0,0,0,0,0,0,0
"123","South Africa","South Africa",0,"2022-05-02","2022-05-08",7,2022,"18",60041996,11514,160,"TBC",10105.1792452827,9747.44140505619,10462.9170855092,10104.2779282911,10007.6020932036,10201.8876751192,10102.2822485514,10003.5685143923,10200.9959827106,10102.9098735909,10201.0892637224,11196.0784640549,11182.131109975,11148.3504380798,11162.8916204851,11250.4092661804,11227.1813177562,11238.8555345297,11239.3154752158,1408.8207547173,1766.55859494381,1051.08291449078,1409.72207170888,1506.39790679641,1312.11232488076,1411.71775144858,1510.43148560774,1313.00401728942,1411.09012640906,1312.91073627761,317.921535945075,331.868890025049,365.64956192024,351.108379514864,263.590733819579,286.818682243847,275.144465470286,274.684524784159
"124","South Africa","South Africa",0,"2022-05-09","2022-05-15",7,2022,"19",60041996,11540,232,"TBC",10097.7792452827,9740.04140505619,10455.5170855092,10097.0227704541,10000.3884992892,10194.5908235779,10095.8554651285,9997.1669260429,10194.5440042142,10096.0658909411,10194.2121011751,11266.2211744859,11251.7511363553,11213.6593333513,11230.2793154274,11325.0053844129,11300.398578725,11311.9757159923,11312.508527112,1442.2207547173,1799.95859494381,1084.48291449078,1442.97722954592,1539.61150071079,1345.40917642206,1444.14453487147,1542.8330739571,1345.45599578584,1443.93410905894,1345.78789882486,273.77882551408,288.248863644723,326.340666648708,309.72068457261,214.994615587053,239.601421274983,228.024284007692,227.491472887958
"125","South Africa","South Africa",0,"2022-05-16","2022-05-22",7,2022,"20",60041996,11093,178,"TBC",10177.3792452827,9819.64140505619,10535.1170855092,10175.0647385398,10077.9838358679,10273.0808185067,10175.3833882296,10076.3855247497,10274.3812517094,10174.8476058749,10273.3750753652,11463.721094494,11447.8436990609,11400.5490453473,11421.7933996242,11535.0015575946,11506.5131012478,11521.6987497168,11520.6915710889,915.620754717294,1273.35859494381,557.882914490778,917.935261460239,1015.01616413209,819.919181493302,917.616611770443,1016.61447525032,818.618748290572,918.15239412514,819.624924634758,0,0,0,0,0,0,0,0
"126","South Africa","South Africa",0,"2022-05-23","2022-05-29",7,2022,"21",60041996,11619,213,"TBC",10066.5792452827,9708.84140505618,10424.3170855092,10066.43345633,9969.97450069101,10163.8256470662,10064.0472670914,9965.4826132807,10162.6119209021,10064.8720114363,10162.8668498756,10946.5537052795,10934.8147546068,10910.4953634064,10920.4753935855,10985.1977943878,10966.8714619695,10973.2347238979,10976.0123993203,1552.4207547173,1910.15859494382,1194.68291449078,1552.56654367002,1649.02549930899,1455.17435293379,1554.9527329086,1653.5173867193,1456.3880790979,1554.12798856366,1456.1331501244,672.446294720514,684.185245393171,708.504636593565,698.524606414458,633.802205612246,652.128538030545,645.765276102093,642.987600679655
"127","South Africa","South Africa",0,"2022-05-30","2022-06-05",7,2022,"22",60041996,11947,171,"TBC",10763.7792452827,10406.0414050562,11121.5170855092,10749.9869757966,10649.643746061,10851.2756609855,10760.4612707003,10659.2167731449,10861.7057682556,10754.879572388,10856.169798683,10757.09118228,10747.182487971,10730.291172792,10736.8539267944,10783.7941040893,10769.1904488512,10772.7370380393,10776.7430246229,1183.2207547173,1540.95859494381,825.48291449078,1197.01302420335,1297.35625393901,1095.72433901454,1186.53872929974,1287.78322685508,1085.2942317444,1192.12042761205,1090.83020131703,1189.90881771999,1199.81751202905,1216.70882720802,1210.14607320557,1163.20589591068,1177.8095511488,1174.26296196065,1170.25697537708
"128","South Africa","South Africa",0,"2022-06-06","2022-06-12",7,2022,"23",60041996,12221,167,"TBC",11413.9792452827,11056.2414050562,11771.7170855092,11387.4604387281,11283.5532906559,11492.3244392335,11411.6849844653,11307.9976536601,11515.3723152706,11399.4681589736,11503.7425988608,9043.10532814487,9057.90235526979,9071.95689250381,9069.88199518187,9001.78157952081,9025.43323114489,9016.54568296379,9006.00110347788,807.020754717301,1164.75859494381,449.282914490786,833.539561271869,937.446709344145,728.675560766462,809.315015534658,913.002346339916,705.627684729399,821.531841026437,717.257401139181,3177.89467185513,3163.09764473021,3149.04310749619,3151.11800481813,3219.21842047919,3195.56676885511,3204.45431703621,3214.99889652212
"129","South Africa","South Africa",0,"2022-06-13","2022-06-19",7,2022,"24",60041996,12135,120,"TBC",11433.3792452827,11075.6414050562,11791.1170855092,11406.4807173838,11302.4680469257,11511.4505801622,11430.8357287919,11327.077391708,11534.5940658757,11418.5556752226,11522.9171796377,10473.1668486219,10466.3293663695,10458.9289251471,10461.3694562934,10481.9869827379,10472.9625004663,10472.0136722557,10478.0157040763,701.620754717294,1059.35859494381,343.88291449078,728.519282616207,832.531953074273,623.549419837766,704.16427120811,807.922608291956,600.405934124265,716.444324777432,612.082820362311,1661.83315137811,1668.67063363047,1676.07107485286,1673.63054370663,1653.01301726214,1662.03749953374,1662.98632774431,1656.98429592371
"130","South Africa","South Africa",0,"2022-06-20","2022-06-26",7,2022,"25",60041996,11677,127,"TBC",11260.5792452827,10902.8414050562,11618.3170855092,11237.0629776407,11133.9919502226,11341.0881674778,11259.76778983,11156.6453883013,11362.8901913586,11248.2759769444,11351.8581873598,10939.4903571925,10927.9205122416,10902.5385534563,10913.0079560654,10977.7835736958,10959.594192373,10964.3654948197,10967.8602343527,416.420754717294,774.158594943809,58.682914490777,439.937022359312,543.008049777412,335.911832522153,417.232210170048,520.354611698731,314.109808641366,428.724023055569,325.141812640171,737.50964280745,749.079487758372,774.461446543737,763.992043934557,699.216426304189,717.405807626996,712.634505180258,709.139765647316
